DATE,AVERAGE_DAILY_USAGE,isweekend,season_Fall,season_Summer,season_Winter,season_Spring,maxtp,mintp,rain,wdsp,Unnamed: 0,isholiday
2018-08-01,81.26363636363638,0,0.0,1.0,0.0,0.0,18.5,11.9,5.8,8.2,212,0
2018-08-02,152.64545454545456,0,0.0,1.0,0.0,0.0,24.5,17.0,0.2,6.4,213,0
2018-08-03,141.73636363636362,0,0.0,1.0,0.0,0.0,24.0,14.4,0.7,6.7,214,0
2018-08-04,91.65454545454546,1,0.0,1.0,0.0,0.0,21.6,12.0,0.0,5.1,215,0
2018-08-05,79.64545454545456,1,0.0,1.0,0.0,0.0,24.2,12.1,0.0,5.1,216,0
2018-08-06,77.74545454545455,0,0.0,1.0,0.0,0.0,22.6,13.9,0.6,6.9,217,1
2018-08-07,140.11818181818182,0,0.0,1.0,0.0,0.0,18.1,11.5,0.0,7.3,218,0
2018-08-08,151.71818181818182,0,0.0,1.0,0.0,0.0,19.6,10.2,0.1,9.6,219,0
2018-08-09,153.66363636363639,0,0.0,1.0,0.0,0.0,18.6,7.8,0.0,7.3,220,0
2018-08-10,148.97272727272727,0,0.0,1.0,0.0,0.0,18.7,6.5,0.0,8.0,221,0
2018-08-11,89.14545454545454,1,0.0,1.0,0.0,0.0,18.5,3.9,0.1,6.6,222,0
2018-08-12,75.04545454545455,1,0.0,1.0,0.0,0.0,19.9,15.2,2.1,4.4,223,0
2018-08-13,143.17272727272731,0,0.0,1.0,0.0,0.0,19.2,13.1,0.2,8.9,224,0
2018-08-14,149.61818181818182,0,0.0,1.0,0.0,0.0,21.6,14.4,0.0,9.7,225,0
2018-08-15,144.9363636363636,0,0.0,1.0,0.0,0.0,23.2,12.8,1.4,10.2,226,0
2018-08-16,144.88181818181818,0,0.0,1.0,0.0,0.0,19.0,10.7,1.4,9.6,227,0
2018-08-17,137.74545454545455,0,0.0,1.0,0.0,0.0,17.2,11.8,2.2,10.4,228,0
2018-08-18,97.91818181818182,1,0.0,1.0,0.0,0.0,25.1,15.4,1.0,9.4,229,0
2018-08-19,77.73636363636362,1,0.0,1.0,0.0,0.0,20.8,15.4,0.5,9.5,230,0
2018-08-20,138.48648648648648,0,0.0,1.0,0.0,0.0,20.0,14.8,2.5,4.3,231,0
2018-08-21,147.27678571428572,0,0.0,1.0,0.0,0.0,24.3,14.3,0.0,6.2,232,0
2018-08-22,145.99107142857142,0,0.0,1.0,0.0,0.0,19.0,8.7,1.2,9.5,233,0
2018-08-23,144.73214285714286,0,0.0,1.0,0.0,0.0,17.0,9.2,4.2,11.1,234,0
2018-08-24,135.77678571428572,0,0.0,1.0,0.0,0.0,15.2,8.2,6.9,11.5,235,0
2018-08-25,68.44642857142857,1,0.0,1.0,0.0,0.0,17.6,6.6,0.0,8.7,236,0
2018-08-26,61.86607142857143,1,0.0,1.0,0.0,0.0,17.7,10.4,15.6,10.3,237,0
2018-08-27,142.0,0,0.0,1.0,0.0,0.0,18.5,8.9,0.1,11.5,238,0
2018-08-28,148.20535714285714,0,0.0,1.0,0.0,0.0,17.3,6.8,0.1,6.3,239,0
2018-08-29,149.48214285714286,0,0.0,1.0,0.0,0.0,18.3,5.9,1.1,10.2,240,0
2018-08-30,152.34821428571428,0,0.0,1.0,0.0,0.0,16.0,5.1,0.0,4.9,241,0
2018-08-31,144.66964285714286,0,0.0,1.0,0.0,0.0,20.2,3.9,0.0,8.0,242,0
2018-09-01,87.57142857142857,1,1.0,0.0,0.0,0.0,20.9,11.8,0.1,4.3,243,0
2018-09-02,75.91964285714286,1,1.0,0.0,0.0,0.0,23.0,10.4,1.9,6.3,244,0
2018-09-03,138.60714285714286,0,1.0,0.0,0.0,0.0,16.9,6.6,0.2,10.6,245,0
2018-09-04,147.91964285714286,0,1.0,0.0,0.0,0.0,17.5,4.6,0.0,7.6,246,0
2018-09-05,147.99115044247787,0,1.0,0.0,0.0,0.0,19.2,4.9,4.0,7.4,247,0
2018-09-06,134.01769911504422,0,1.0,0.0,0.0,0.0,15.3,5.8,4.1,7.9,248,0
2018-09-07,144.46017699115043,0,1.0,0.0,0.0,0.0,15.6,5.4,0.0,8.4,249,0
2018-09-08,79.6283185840708,1,1.0,0.0,0.0,0.0,17.8,13.0,6.2,7.2,250,0
2018-09-09,77.87610619469027,1,1.0,0.0,0.0,0.0,17.7,11.9,0.0,11.3,251,0
2018-09-10,141.49557522123894,0,1.0,0.0,0.0,0.0,16.6,11.5,0.5,9.8,252,0
2018-09-11,148.93805309734512,0,1.0,0.0,0.0,0.0,16.5,10.6,2.1,9.0,253,0
2018-09-12,156.46017699115043,0,1.0,0.0,0.0,0.0,16.9,8.4,0.1,8.7,254,0
2018-09-13,155.49557522123894,0,1.0,0.0,0.0,0.0,16.7,9.2,0.0,9.1,255,0
2018-09-14,130.6637168141593,0,1.0,0.0,0.0,0.0,16.6,11.1,1.7,9.2,256,0
2018-09-15,82.76991150442478,1,1.0,0.0,0.0,0.0,16.9,10.9,0.9,8.8,257,0
2018-09-16,75.92920353982299,1,1.0,0.0,0.0,0.0,18.7,10.1,2.3,8.9,258,0
2018-09-17,142.53982300884957,0,1.0,0.0,0.0,0.0,20.4,10.0,0.1,9.8,259,0
2018-09-18,149.71681415929203,0,1.0,0.0,0.0,0.0,21.1,13.6,1.5,12.8,260,0
2018-09-19,137.72566371681415,0,1.0,0.0,0.0,0.0,17.9,10.3,0.9,15.8,261,0
2018-09-20,113.6283185840708,0,1.0,0.0,0.0,0.0,12.0,6.0,15.7,8.2,262,0
2018-09-21,138.31858407079642,0,1.0,0.0,0.0,0.0,14.1,6.1,1.0,13.7,263,0
2018-09-22,82.2566371681416,1,1.0,0.0,0.0,0.0,11.9,3.4,0.0,4.6,264,0
2018-09-23,74.97345132743362,1,1.0,0.0,0.0,0.0,13.3,3.9,0.0,11.0,265,0
2018-09-24,140.98230088495575,0,1.0,0.0,0.0,0.0,13.9,3.5,0.0,7.1,266,0
2018-09-25,155.3805309734513,0,1.0,0.0,0.0,0.0,15.9,0.4,0.0,9.5,267,0
2018-09-26,158.09734513274338,0,1.0,0.0,0.0,0.0,19.5,13.4,0.0,8.5,268,0
2018-09-27,152.72566371681415,0,1.0,0.0,0.0,0.0,16.6,4.2,0.5,9.4,269,0
2018-09-28,148.34513274336285,0,1.0,0.0,0.0,0.0,13.7,1.5,0.0,5.9,270,0
2018-09-29,88.10619469026548,1,1.0,0.0,0.0,0.0,14.8,1.9,0.0,7.8,271,0
2018-09-30,72.77876106194691,1,1.0,0.0,0.0,0.0,12.8,5.1,0.0,12.0,272,0
2018-10-01,142.2920353982301,0,1.0,0.0,0.0,0.0,13.6,3.1,0.0,10.9,273,0
2018-10-02,141.61061946902657,0,1.0,0.0,0.0,0.0,16.2,11.6,0.6,14.3,274,0
2018-10-03,154.97345132743362,0,1.0,0.0,0.0,0.0,15.9,11.4,0.4,7.0,275,0
2018-10-04,146.61403508771932,0,1.0,0.0,0.0,0.0,16.6,10.8,5.1,6.8,276,0
2018-10-05,146.46491228070175,0,1.0,0.0,0.0,0.0,11.8,5.2,6.4,7.5,277,0
2018-10-06,86.51754385964912,1,1.0,0.0,0.0,0.0,12.4,1.1,0.0,8.8,278,0
2018-10-07,66.91228070175438,1,1.0,0.0,0.0,0.0,14.7,2.7,0.0,10.1,279,0
2018-10-08,141.99122807017542,0,1.0,0.0,0.0,0.0,15.8,12.7,0.0,12.9,280,0
2018-10-09,150.68421052631578,0,1.0,0.0,0.0,0.0,17.5,13.4,0.0,14.2,281,0
2018-10-10,156.68421052631578,0,1.0,0.0,0.0,0.0,19.2,12.3,0.2,10.4,282,0
2018-10-11,148.42105263157896,0,1.0,0.0,0.0,0.0,15.8,10.3,0.9,10.1,283,0
2018-10-12,134.8684210526316,0,1.0,0.0,0.0,0.0,16.1,11.2,5.6,14.0,284,0
2018-10-13,56.33333333333334,1,1.0,0.0,0.0,0.0,13.1,8.5,19.1,7.2,285,0
2018-10-14,78.29824561403508,1,1.0,0.0,0.0,0.0,12.3,1.5,0.1,4.8,286,0
2018-10-15,140.78070175438597,0,1.0,0.0,0.0,0.0,12.7,1.5,0.0,5.0,287,0
2018-10-16,154.78070175438597,0,1.0,0.0,0.0,0.0,15.4,3.7,0.0,7.2,288,0
2018-10-17,149.14912280701753,0,1.0,0.0,0.0,0.0,13.1,1.1,0.0,8.0,289,0
2018-10-18,155.359649122807,0,1.0,0.0,0.0,0.0,13.3,-0.1,0.0,4.2,290,0
2018-10-19,146.32456140350877,0,1.0,0.0,0.0,0.0,14.6,5.1,0.0,4.9,291,0
2018-10-20,84.85087719298245,1,1.0,0.0,0.0,0.0,17.0,9.2,0.0,6.3,292,0
2018-10-21,68.45614035087719,1,1.0,0.0,0.0,0.0,15.0,5.3,0.7,10.0,293,0
2018-10-22,142.69298245614036,0,1.0,0.0,0.0,0.0,12.3,2.8,0.0,10.0,294,0
2018-10-23,148.11403508771932,0,1.0,0.0,0.0,0.0,13.3,7.7,0.0,16.0,295,0
2018-10-24,151.21929824561403,0,1.0,0.0,0.0,0.0,10.9,8.3,0.0,13.3,296,0
2018-10-25,153.7280701754386,0,1.0,0.0,0.0,0.0,11.4,7.9,0.2,11.1,297,0
2018-10-26,137.62280701754386,0,1.0,0.0,0.0,0.0,9.1,2.1,0.4,14.4,298,0
2018-10-27,71.71929824561404,1,1.0,0.0,0.0,0.0,6.6,-0.2,0.1,12.7,299,0
2018-10-28,66.20175438596492,1,1.0,0.0,0.0,0.0,9.8,-2.9,0.0,7.8,300,0
2018-10-29,65.9298245614035,0,1.0,0.0,0.0,0.0,7.9,-3.3,0.1,6.1,301,1
2018-10-30,132.1578947368421,0,1.0,0.0,0.0,0.0,9.6,-4.7,0.4,3.0,302,0
2018-10-31,126.97368421052632,0,1.0,0.0,0.0,0.0,9.3,3.3,2.3,5.2,303,0
2018-11-01,139.17543859649123,0,1.0,0.0,0.0,0.0,8.7,1.5,0.0,8.4,304,0
2018-11-02,127.12280701754385,0,1.0,0.0,0.0,0.0,13.1,1.1,1.2,8.2,305,0
2018-11-03,72.52631578947368,1,1.0,0.0,0.0,0.0,15.3,11.4,0.1,14.7,306,0
2018-11-04,63.29824561403509,1,1.0,0.0,0.0,0.0,12.3,8.5,3.7,6.5,307,0
2018-11-05,128.68421052631578,0,1.0,0.0,0.0,0.0,12.1,9.4,6.6,9.3,308,0
2018-11-06,128.99122807017542,0,1.0,0.0,0.0,0.0,12.4,7.0,4.5,11.0,309,0
2018-11-07,126.55263157894736,0,1.0,0.0,0.0,0.0,9.7,3.5,18.1,7.9,310,0
2018-11-08,142.0701754385965,0,1.0,0.0,0.0,0.0,10.7,4.8,3.3,6.2,311,0
2018-11-09,114.82456140350875,0,1.0,0.0,0.0,0.0,11.4,5.6,15.1,11.8,312,0
2018-11-10,76.1140350877193,1,1.0,0.0,0.0,0.0,9.3,2.5,3.1,5.8,313,0
2018-11-11,65.03508771929825,1,1.0,0.0,0.0,0.0,11.4,2.2,4.5,7.8,314,0
2018-11-12,137.76315789473685,0,1.0,0.0,0.0,0.0,12.3,7.8,0.0,11.4,315,0
2018-11-13,143.5701754385965,0,1.0,0.0,0.0,0.0,13.0,6.8,0.7,10.5,316,0
2018-11-14,147.05263157894737,0,1.0,0.0,0.0,0.0,14.5,12.6,0.7,13.2,317,0
2018-11-15,153.46491228070175,0,1.0,0.0,0.0,0.0,14.6,5.5,0.3,10.2,318,0
2018-11-16,141.7017543859649,0,1.0,0.0,0.0,0.0,14.3,1.9,0.0,8.9,319,0
2018-11-17,86.84210526315788,1,1.0,0.0,0.0,0.0,12.5,5.9,0.0,9.4,320,0
2018-11-18,71.40350877192982,1,1.0,0.0,0.0,0.0,10.7,5.1,0.0,10.7,321,0
2018-11-19,134.69298245614036,0,1.0,0.0,0.0,0.0,9.2,6.5,0.3,16.0,322,0
2018-11-20,120.19298245614037,0,1.0,0.0,0.0,0.0,8.0,4.8,14.4,15.5,323,0
2018-11-21,104.49122807017544,0,1.0,0.0,0.0,0.0,7.3,3.2,18.9,8.7,324,0
2018-11-22,140.50877192982458,0,1.0,0.0,0.0,0.0,8.4,1.4,0.4,8.7,325,0
2018-11-23,136.6140350877193,0,1.0,0.0,0.0,0.0,8.8,3.8,0.0,8.5,326,0
2018-11-24,77.25438596491226,1,1.0,0.0,0.0,0.0,9.3,6.0,0.1,9.8,327,0
2018-11-25,63.368421052631575,1,1.0,0.0,0.0,0.0,9.0,2.9,3.3,9.0,328,0
2018-11-26,132.1491228070175,0,1.0,0.0,0.0,0.0,8.7,3.4,0.1,6.3,329,0
2018-11-27,111.83333333333331,0,1.0,0.0,0.0,0.0,10.0,6.2,15.6,12.9,330,0
2018-11-28,130.21929824561406,0,1.0,0.0,0.0,0.0,15.2,8.2,4.5,15.4,331,0
2018-11-29,133.82456140350877,0,1.0,0.0,0.0,0.0,10.1,5.8,10.8,10.0,332,0
2018-11-30,130.7719298245614,0,1.0,0.0,0.0,0.0,8.0,4.4,0.9,10.2,333,0
2018-12-01,65.21052631578948,1,0.0,0.0,1.0,0.0,10.3,4.6,6.8,5.7,334,0
2018-12-02,62.438596491228076,1,0.0,0.0,1.0,0.0,12.7,8.7,2.3,10.6,335,0
2018-12-03,133.50877192982458,0,0.0,0.0,1.0,0.0,9.1,2.0,3.3,8.5,336,0
2018-12-04,136.6491228070175,0,0.0,0.0,1.0,0.0,5.8,0.8,0.5,4.8,337,0
2018-12-05,129.44736842105266,0,0.0,0.0,1.0,0.0,11.0,5.6,14.1,7.8,338,0
2018-12-06,142.99122807017542,0,0.0,0.0,1.0,0.0,13.2,9.8,1.9,9.2,339,0
2018-12-07,125.52631578947368,0,0.0,0.0,1.0,0.0,13.4,3.4,4.2,14.4,340,0
2018-12-08,62.307017543859644,1,0.0,0.0,1.0,0.0,10.6,6.7,3.0,15.7,341,0
2018-12-09,62.03508771929825,1,0.0,0.0,1.0,0.0,9.1,4.4,0.5,15.4,342,0
2018-12-10,127.7105263157895,0,0.0,0.0,1.0,0.0,8.9,2.5,0.1,5.4,343,0
2018-12-11,138.8421052631579,0,0.0,0.0,1.0,0.0,10.8,1.9,2.4,8.4,344,0
2018-12-12,136.48245614035088,0,0.0,0.0,1.0,0.0,9.4,6.4,2.9,11.1,345,0
2018-12-13,131.94736842105266,0,0.0,0.0,1.0,0.0,7.8,5.1,0.2,18.1,346,0
2018-12-14,126.32456140350875,0,0.0,0.0,1.0,0.0,6.8,4.9,2.8,16.9,347,0
2018-12-15,48.54385964912281,1,0.0,0.0,1.0,0.0,10.2,5.3,10.5,20.8,348,0
2018-12-16,64.41228070175438,1,0.0,0.0,1.0,0.0,7.4,3.9,0.2,7.0,349,0
2018-12-17,126.58771929824562,0,0.0,0.0,1.0,0.0,12.1,4.1,0.0,11.1,350,0
2018-12-18,129.8421052631579,0,0.0,0.0,1.0,0.0,12.2,4.9,3.9,11.8,351,0
2018-12-19,139.7719298245614,0,0.0,0.0,1.0,0.0,8.7,4.5,0.2,9.5,352,0
2018-12-20,133.2017543859649,0,0.0,0.0,1.0,0.0,7.7,6.0,0.9,10.0,353,0
2018-12-21,119.46491228070177,0,0.0,0.0,1.0,0.0,9.3,5.2,3.7,7.3,354,0
2018-12-22,70.25438596491227,1,0.0,0.0,1.0,0.0,8.9,6.1,3.4,8.1,355,0
2018-12-23,44.912280701754376,1,0.0,0.0,1.0,0.0,7.5,3.7,12.9,6.7,356,0
2018-12-24,61.64035087719297,0,0.0,0.0,1.0,0.0,9.1,4.3,0.0,7.2,357,0
2018-12-25,21.894736842105264,0,0.0,0.0,1.0,0.0,11.6,3.0,0.0,3.1,358,1
2018-12-26,33.166666666666664,0,0.0,0.0,1.0,0.0,11.4,6.6,0.0,4.3,359,1
2018-12-27,60.55263157894736,0,0.0,0.0,1.0,0.0,9.7,8.2,0.0,3.4,360,0
2018-12-28,67.70175438596492,0,0.0,0.0,1.0,0.0,11.8,8.5,0.1,6.9,361,0
2018-12-29,55.438596491228076,1,0.0,0.0,1.0,0.0,12.0,9.4,0.1,9.8,362,0
2018-12-30,55.149122807017534,1,0.0,0.0,1.0,0.0,11.5,9.1,0.1,7.5,363,0
2018-12-31,71.49122807017544,0,0.0,0.0,1.0,0.0,10.1,8.7,0.0,7.6,364,0
2019-01-01,36.026315789473685,0,0.0,0.0,1.0,0.0,9.2,1.8,0.2,7.5,365,1
2019-01-02,109.01754385964912,0,0.0,0.0,1.0,0.0,7.6,1.6,0.0,4.2,366,0
2019-01-03,120.59649122807018,0,0.0,0.0,1.0,0.0,7.9,4.9,0.0,4.0,367,0
2019-01-04,118.76315789473685,0,0.0,0.0,1.0,0.0,6.5,4.6,0.0,4.8,368,0
2019-01-05,70.3157894736842,1,0.0,0.0,1.0,0.0,8.4,2.0,0.0,5.2,369,0
2019-01-06,65.08771929824562,1,0.0,0.0,1.0,0.0,10.1,7.8,0.0,5.2,370,0
2019-01-07,125.7894736842105,0,0.0,0.0,1.0,0.0,11.3,5.3,0.2,12.7,371,0
2019-01-08,134.6315789473684,0,0.0,0.0,1.0,0.0,8.3,1.2,0.0,9.6,372,0
2019-01-09,137.59649122807016,0,0.0,0.0,1.0,0.0,8.1,1.9,0.0,5.9,373,0
2019-01-10,131.05263157894734,0,0.0,0.0,1.0,0.0,10.1,5.7,2.1,6.4,374,0
2019-01-11,131.3859649122807,0,0.0,0.0,1.0,0.0,9.8,6.7,0.0,8.5,375,0
2019-01-12,73.82456140350877,1,0.0,0.0,1.0,0.0,10.1,7.1,0.2,17.0,376,0
2019-01-13,58.280701754385966,1,0.0,0.0,1.0,0.0,10.8,5.3,0.4,18.8,377,0
2019-01-14,132.73684210526315,0,0.0,0.0,1.0,0.0,8.2,5.3,0.0,9.8,378,0
2019-01-15,140.7017543859649,0,0.0,0.0,1.0,0.0,9.5,6.9,0.0,9.3,379,0
2019-01-16,135.1578947368421,0,0.0,0.0,1.0,0.0,8.8,1.2,0.3,9.8,380,0
2019-01-17,137.17543859649123,0,0.0,0.0,1.0,0.0,3.5,-1.1,0.0,8.5,381,0
2019-01-18,131.7719298245614,0,0.0,0.0,1.0,0.0,9.1,2.5,1.7,8.2,382,0
2019-01-19,71.20175438596492,1,0.0,0.0,1.0,0.0,7.1,3.8,1.9,4.2,383,0
2019-01-20,58.868421052631575,1,0.0,0.0,1.0,0.0,7.5,-1.0,0.1,8.2,384,0
2019-01-21,122.02631578947368,0,0.0,0.0,1.0,0.0,6.5,-2.4,2.3,9.5,385,0
2019-01-22,132.17543859649123,0,0.0,0.0,1.0,0.0,4.1,-0.1,0.0,11.3,386,0
2019-01-23,134.81578947368422,0,0.0,0.0,1.0,0.0,4.5,-0.6,0.0,9.1,387,0
2019-01-24,126.89473684210527,0,0.0,0.0,1.0,0.0,10.2,4.2,2.7,8.8,388,0
2019-01-25,137.6637168141593,0,0.0,0.0,1.0,0.0,10.7,7.6,0.0,13.0,389,0
2019-01-26,63.159292035398224,1,0.0,0.0,1.0,0.0,9.9,3.9,7.7,11.9,390,0
2019-01-27,57.327433628318595,1,0.0,0.0,1.0,0.0,5.7,0.1,0.0,17.3,391,0
2019-01-28,126.5840707964602,0,0.0,0.0,1.0,0.0,6.2,-0.7,0.0,9.0,392,0
2019-01-29,129.7787610619469,0,0.0,0.0,1.0,0.0,3.9,-0.4,3.0,11.7,393,0
2019-01-30,137.72566371681415,0,0.0,0.0,1.0,0.0,3.4,-3.4,0.0,8.5,394,0
2019-01-31,113.44247787610621,0,0.0,0.0,1.0,0.0,4.0,-5.8,4.0,11.7,395,0
2019-02-01,128.32743362831854,0,0.0,0.0,1.0,0.0,4.1,-1.2,0.0,11.7,396,0
2019-02-02,72.82300884955751,1,0.0,0.0,1.0,0.0,4.9,-3.8,0.0,8.8,397,0
2019-02-03,56.38053097345133,1,0.0,0.0,1.0,0.0,9.0,-0.3,0.9,9.6,398,0
2019-02-04,128.86725663716814,0,0.0,0.0,1.0,0.0,9.5,-2.1,0.0,9.9,399,0
2019-02-05,131.31858407079642,0,0.0,0.0,1.0,0.0,12.9,-2.0,2.3,9.8,400,0
2019-02-06,137.35398230088495,0,0.0,0.0,1.0,0.0,10.8,3.1,3.8,8.8,401,0
2019-02-07,137.94690265486722,0,0.0,0.0,1.0,0.0,8.9,0.6,5.6,12.3,402,0
2019-02-08,121.70796460176993,0,0.0,0.0,1.0,0.0,11.0,3.4,11.2,17.7,403,0
2019-02-09,68.858407079646,1,0.0,0.0,1.0,0.0,8.6,2.4,1.4,13.8,404,0
2019-02-10,56.1061946902655,1,0.0,0.0,1.0,0.0,7.1,1.2,2.6,14.0,405,0
2019-02-11,127.04424778761063,0,0.0,0.0,1.0,0.0,8.9,2.1,0.0,7.1,406,0
2019-02-12,139.21238938053094,0,0.0,0.0,1.0,0.0,12.5,6.3,0.0,10.2,407,0
2019-02-13,140.60176991150442,0,0.0,0.0,1.0,0.0,11.3,9.0,0.0,12.2,408,0
2019-02-14,143.7433628318584,0,0.0,0.0,1.0,0.0,12.8,2.0,0.0,5.5,409,0
2019-02-15,133.35398230088495,0,0.0,0.0,1.0,0.0,15.6,-0.3,0.0,12.6,410,0
2019-02-16,76.36283185840708,1,0.0,0.0,1.0,0.0,12.5,6.8,0.0,12.0,411,0
2019-02-17,68.60176991150442,1,0.0,0.0,1.0,0.0,11.6,7.7,0.1,14.6,412,0
2019-02-18,128.54867256637172,0,0.0,0.0,1.0,0.0,10.0,5.3,0.0,11.7,413,0
2019-02-19,132.52212389380531,0,0.0,0.0,1.0,0.0,10.3,3.7,2.2,10.4,414,0
2019-02-20,144.99115044247787,0,0.0,0.0,1.0,0.0,13.3,9.9,0.0,13.1,415,0
2019-02-21,146.4513274336283,0,0.0,0.0,1.0,0.0,14.2,9.5,0.0,10.8,416,0
2019-02-22,135.6194690265487,0,0.0,0.0,1.0,0.0,14.8,8.7,0.0,11.5,417,0
2019-02-23,81.212389380531,1,0.0,0.0,1.0,0.0,13.8,0.3,0.2,9.5,418,0
2019-02-24,72.64601769911505,1,0.0,0.0,1.0,0.0,10.5,-0.4,0.0,7.3,419,0
2019-02-25,135.15044247787608,0,0.0,0.0,1.0,0.0,14.7,2.5,0.0,6.3,420,0
2019-02-26,142.1681415929204,0,0.0,0.0,1.0,0.0,14.5,-0.8,0.0,4.7,421,0
2019-02-27,145.07079646017695,0,0.0,0.0,1.0,0.0,13.2,-1.9,0.0,4.5,422,0
2019-02-28,145.0,0,0.0,0.0,1.0,0.0,11.2,5.3,0.2,6.3,423,0
2019-03-01,133.60176991150442,0,0.0,0.0,0.0,1.0,15.0,5.0,5.9,5.9,424,0
2019-03-02,71.16814159292034,1,0.0,0.0,0.0,1.0,12.4,5.0,2.6,12.2,425,0
2019-03-03,35.11504424778761,1,0.0,0.0,0.0,1.0,7.0,-0.2,22.0,10.3,426,0
2019-03-04,130.28318584070794,0,0.0,0.0,0.0,1.0,6.8,0.7,0.6,10.2,427,0
2019-03-05,128.15929203539824,0,0.0,0.0,0.0,1.0,10.6,3.3,13.3,12.9,428,0
2019-03-06,137.89380530973452,0,0.0,0.0,0.0,1.0,11.6,4.4,1.4,12.5,429,0
2019-03-07,137.06194690265488,0,0.0,0.0,0.0,1.0,10.0,2.7,1.9,17.2,430,0
2019-03-08,55.176991150442475,0,0.0,0.0,0.0,1.0,10.4,1.8,1.5,10.2,431,0
2019-03-09,73.48672566371681,1,0.0,0.0,0.0,1.0,9.6,3.8,4.2,13.2,432,0
2019-03-10,57.1061946902655,1,0.0,0.0,0.0,1.0,6.8,0.4,5.4,13.7,433,0
2019-03-11,128.53982300884957,0,0.0,0.0,0.0,1.0,10.7,0.8,0.4,13.8,434,0
2019-03-12,128.16814159292036,0,0.0,0.0,0.0,1.0,11.2,3.7,4.6,17.4,435,0
2019-03-13,128.43362831858408,0,0.0,0.0,0.0,1.0,9.6,5.1,0.6,23.1,436,0
2019-03-14,128.36283185840708,0,0.0,0.0,0.0,1.0,11.0,6.9,8.4,18.3,437,0
2019-03-15,127.26548672566372,0,0.0,0.0,0.0,1.0,11.3,5.1,6.2,17.3,438,0
2019-03-16,56.38053097345133,1,0.0,0.0,0.0,1.0,11.8,2.2,10.9,16.1,439,0
2019-03-17,50.221238938053105,1,0.0,0.0,0.0,1.0,10.7,0.6,0.2,15.2,440,1
2019-03-18,58.36283185840708,0,0.0,0.0,0.0,1.0,11.5,4.1,0.4,11.4,441,0
2019-03-19,132.85840707964599,0,0.0,0.0,0.0,1.0,13.6,6.2,0.8,8.2,442,0
2019-03-20,141.4513274336283,0,0.0,0.0,0.0,1.0,16.8,8.1,0.4,7.2,443,0
2019-03-21,145.46902654867256,0,0.0,0.0,0.0,1.0,13.1,9.6,0.0,6.8,444,0
2019-03-22,131.86725663716814,0,0.0,0.0,0.0,1.0,11.4,4.8,0.6,11.7,445,0
2019-03-23,82.79646017699116,1,0.0,0.0,0.0,1.0,9.8,2.3,0.0,5.1,446,0
2019-03-24,65.92035398230088,1,0.0,0.0,0.0,1.0,10.4,1.8,0.0,13.3,447,0
2019-03-25,136.97345132743362,0,0.0,0.0,0.0,1.0,11.6,3.9,0.0,7.3,448,0
2019-03-26,146.62831858407083,0,0.0,0.0,0.0,1.0,13.2,2.9,0.0,7.0,449,0
2019-03-27,144.90265486725662,0,0.0,0.0,0.0,1.0,13.0,1.7,0.0,5.9,450,0
2019-03-28,149.575221238938,0,0.0,0.0,0.0,1.0,16.1,0.8,0.0,5.3,451,0
2019-03-29,139.2920353982301,0,0.0,0.0,0.0,1.0,12.8,2.4,0.0,5.3,452,0
2019-03-30,81.6637168141593,1,0.0,0.0,0.0,1.0,12.2,0.5,0.2,7.5,453,0
2019-03-31,68.23008849557522,1,0.0,0.0,0.0,1.0,10.4,-2.1,0.0,8.3,454,0
2019-04-01,132.81415929203536,0,0.0,0.0,0.0,1.0,12.5,5.2,2.7,7.4,455,0
2019-04-02,134.69026548672562,0,0.0,0.0,0.0,1.0,8.2,0.8,0.5,12.5,456,0
2019-04-03,124.6725663716814,0,0.0,0.0,0.0,1.0,7.8,1.1,8.0,15.1,457,0
2019-04-04,119.63716814159292,0,0.0,0.0,0.0,1.0,8.1,1.5,12.5,13.0,458,0
2019-04-05,126.02654867256638,0,0.0,0.0,0.0,1.0,8.8,-0.3,2.2,6.7,459,0
2019-04-06,79.15929203539821,1,0.0,0.0,0.0,1.0,10.3,1.0,0.6,9.4,460,0
2019-04-07,68.3716814159292,1,0.0,0.0,0.0,1.0,11.4,-0.8,0.0,9.2,461,0
2019-04-08,114.93805309734512,0,0.0,0.0,0.0,1.0,9.4,6.4,2.8,7.6,462,0
2019-04-09,141.424778761062,0,0.0,0.0,0.0,1.0,10.5,5.1,0.2,11.6,463,0
2019-04-10,140.58407079646014,0,0.0,0.0,0.0,1.0,8.9,1.2,0.0,9.0,464,0
2019-04-11,149.88495575221242,0,0.0,0.0,0.0,1.0,11.6,-2.0,0.0,3.2,465,0
2019-04-12,141.08849557522126,0,0.0,0.0,0.0,1.0,9.9,0.2,0.0,7.2,466,0
2019-04-13,79.14159292035399,1,0.0,0.0,0.0,1.0,8.7,6.6,0.0,14.7,467,0
2019-04-14,64.87610619469028,1,0.0,0.0,0.0,1.0,7.6,5.1,0.0,15.0,468,0
2019-04-15,111.6991150442478,0,0.0,0.0,0.0,1.0,9.6,4.5,15.8,16.7,469,0
2019-04-16,135.72566371681415,0,0.0,0.0,0.0,1.0,9.6,4.4,2.6,7.8,470,0
2019-04-17,145.76106194690266,0,0.0,0.0,0.0,1.0,12.5,-0.8,0.0,6.3,471,0
2019-04-18,146.8761061946903,0,0.0,0.0,0.0,1.0,14.9,3.7,0.0,5.5,472,0
2019-04-19,100.31858407079645,0,0.0,0.0,0.0,1.0,19.0,2.5,0.0,4.8,473,0
2019-04-20,79.212389380531,1,0.0,0.0,0.0,1.0,20.4,5.6,0.0,4.3,474,0
2019-04-21,69.21238938053098,1,0.0,0.0,0.0,1.0,21.7,8.2,0.0,6.7,475,0
2019-04-22,67.75221238938053,0,0.0,0.0,0.0,1.0,19.3,5.4,0.0,7.7,476,1
2019-04-23,125.94690265486727,0,0.0,0.0,0.0,1.0,17.1,6.5,0.0,5.7,477,0
2019-04-24,130.53982300884957,0,0.0,0.0,0.0,1.0,14.6,7.9,7.8,6.2,478,0
2019-04-25,129.20353982300884,0,0.0,0.0,0.0,1.0,11.0,6.9,2.7,6.9,479,0
2019-04-26,125.40707964601768,0,0.0,0.0,0.0,1.0,11.5,5.4,4.8,11.8,480,0
2019-04-27,70.84955752212389,1,0.0,0.0,0.0,1.0,11.7,5.0,8.0,24.0,481,0
2019-04-28,66.55752212389379,1,0.0,0.0,0.0,1.0,11.3,4.6,0.0,5.5,482,0
2019-04-29,132.78761061946906,0,0.0,0.0,0.0,1.0,11.4,8.8,1.2,9.1,483,0
2019-04-30,136.84070796460176,0,0.0,0.0,0.0,1.0,12.4,8.3,2.2,7.3,484,0
2019-05-01,148.67256637168146,0,0.0,0.0,0.0,1.0,14.9,6.9,0.2,8.5,485,0
2019-05-02,143.7787610619469,0,0.0,0.0,0.0,1.0,14.1,6.1,1.4,9.4,486,0
2019-05-03,143.38938053097343,0,0.0,0.0,0.0,1.0,11.4,2.8,0.0,9.5,487,0
2019-05-04,77.81415929203541,1,0.0,0.0,0.0,1.0,11.2,0.3,0.0,8.9,488,0
2019-05-05,58.71681415929204,1,0.0,0.0,0.0,1.0,11.0,-0.8,0.0,6.2,489,0
2019-05-06,67.68141592920354,0,0.0,0.0,0.0,1.0,11.6,1.4,0.0,4.8,490,1
2019-05-07,132.21238938053094,0,0.0,0.0,0.0,1.0,11.5,4.4,0.2,6.2,491,0
2019-05-08,121.15929203539821,0,0.0,0.0,0.0,1.0,8.9,7.1,4.8,14.8,492,0
2019-05-09,127.26548672566372,0,0.0,0.0,0.0,1.0,9.1,5.9,13.7,6.9,493,0
2019-05-10,139.43362831858408,0,0.0,0.0,0.0,1.0,11.9,1.7,0.1,5.1,494,0
2019-05-11,83.52212389380531,1,0.0,0.0,0.0,1.0,13.7,1.6,0.0,7.8,495,0
2019-05-12,73.20353982300884,1,0.0,0.0,0.0,1.0,15.2,1.2,0.0,7.2,496,0
2019-05-13,139.90265486725664,0,0.0,0.0,0.0,1.0,18.0,6.7,0.0,7.2,497,0
2019-05-14,144.68141592920358,0,0.0,0.0,0.0,1.0,17.8,2.9,0.0,6.8,498,0
2019-05-15,149.62831858407083,0,0.0,0.0,0.0,1.0,17.6,3.4,0.0,6.7,499,0
2019-05-16,149.50442477876106,0,0.0,0.0,0.0,1.0,15.4,3.9,0.0,6.2,500,0
2019-05-17,135.57522123893804,0,0.0,0.0,0.0,1.0,13.9,7.0,0.4,8.1,501,0
2019-05-18,82.52212389380531,1,0.0,0.0,0.0,1.0,13.1,7.0,0.0,7.5,502,0
2019-05-19,71.79646017699116,1,0.0,0.0,0.0,1.0,13.7,5.1,0.2,7.5,503,0
2019-05-20,138.7079646017699,0,0.0,0.0,0.0,1.0,15.4,3.5,0.5,6.3,504,0
2019-05-21,147.3628318584071,0,0.0,0.0,0.0,1.0,15.7,2.0,0.0,5.1,505,0
2019-05-22,148.44247787610618,0,0.0,0.0,0.0,1.0,14.6,8.7,0.0,4.7,506,0
2019-05-23,151.91150442477874,0,0.0,0.0,0.0,1.0,16.8,9.5,0.1,4.4,507,0
2019-05-24,149.23893805309734,0,0.0,0.0,0.0,1.0,17.5,10.7,0.3,6.8,508,0
2019-05-25,87.55752212389379,1,0.0,0.0,0.0,1.0,18.6,10.5,0.0,7.2,509,0
2019-05-26,77.3362831858407,1,0.0,0.0,0.0,1.0,17.3,10.9,0.4,15.3,510,0
2019-05-27,122.93805309734512,0,0.0,0.0,0.0,1.0,15.6,7.8,8.3,11.7,511,0
2019-05-28,138.20353982300884,0,0.0,0.0,0.0,1.0,15.2,7.1,0.0,8.0,512,0
2019-05-29,134.88495575221242,0,0.0,0.0,0.0,1.0,16.5,9.4,1.9,8.2,513,0
2019-05-30,145.11504424778758,0,0.0,0.0,0.0,1.0,20.9,13.8,0.4,9.9,514,0
2019-05-31,141.49557522123894,0,0.0,0.0,0.0,1.0,18.0,10.3,0.5,10.5,515,0
2019-06-01,83.01769911504425,1,0.0,1.0,0.0,0.0,18.6,5.7,1.9,4.5,516,0
2019-06-02,67.3274336283186,1,0.0,1.0,0.0,0.0,18.1,10.4,0.3,12.2,517,0
2019-06-03,63.45132743362832,0,0.0,1.0,0.0,0.0,16.2,8.6,1.7,9.5,518,1
2019-06-04,86.95575221238937,0,0.0,1.0,0.0,0.0,11.9,7.0,24.2,6.2,519,0
2019-06-05,132.6637168141593,0,0.0,1.0,0.0,0.0,11.9,8.3,1.6,11.3,520,0
2019-06-06,138.83185840707964,0,0.0,1.0,0.0,0.0,15.3,4.9,0.0,7.2,521,0
2019-06-07,143.17699115044252,0,0.0,1.0,0.0,0.0,14.3,2.0,0.0,6.1,522,0
2019-06-08,85.09734513274336,1,0.0,1.0,0.0,0.0,16.5,8.1,0.1,12.5,523,0
2019-06-09,66.68141592920354,1,0.0,1.0,0.0,0.0,16.3,7.8,2.7,7.2,524,0
2019-06-10,136.92920353982302,0,0.0,1.0,0.0,0.0,15.1,8.1,0.0,7.3,525,0
2019-06-11,142.72321428571428,0,0.0,1.0,0.0,0.0,15.4,7.6,0.0,11.4,526,0
2019-06-12,38.57142857142857,0,0.0,1.0,0.0,0.0,11.1,9.4,5.1,11.5,527,0
2019-07-01,132.69642857142858,0,0.0,1.0,0.0,0.0,18.2,7.8,0.4,11.2,546,0
2019-07-02,149.22321428571428,0,0.0,1.0,0.0,0.0,16.9,7.5,0.0,6.3,547,0
2019-07-03,154.58928571428572,0,0.0,1.0,0.0,0.0,18.0,4.4,0.0,6.0,548,0
2019-07-04,152.64285714285714,0,0.0,1.0,0.0,0.0,22.2,6.2,0.0,6.1,549,0
2019-07-05,146.59821428571428,0,0.0,1.0,0.0,0.0,20.1,9.6,0.0,8.6,550,0
2019-07-06,79.40178571428571,1,0.0,1.0,0.0,0.0,16.8,11.3,0.8,6.7,551,0
2019-07-07,81.19642857142857,1,0.0,1.0,0.0,0.0,18.6,8.9,0.0,5.9,552,0
2019-07-08,140.28571428571428,0,0.0,1.0,0.0,0.0,17.2,7.7,1.1,3.9,553,0
2019-07-09,152.75892857142858,0,0.0,1.0,0.0,0.0,22.6,13.5,0.0,5.2,554,0
2019-07-10,140.92857142857142,0,0.0,1.0,0.0,0.0,20.4,13.5,6.8,5.9,555,0
2019-07-11,153.15178571428572,0,0.0,1.0,0.0,0.0,21.1,13.6,1.0,9.9,556,0
2019-07-12,149.10714285714286,0,0.0,1.0,0.0,0.0,18.2,12.9,0.0,12.5,557,0
2019-07-13,89.13392857142857,1,0.0,1.0,0.0,0.0,19.1,8.8,0.0,8.4,558,0
2019-07-14,86.17857142857143,1,0.0,1.0,0.0,0.0,18.5,7.1,0.0,6.1,559,0
2019-07-15,139.91071428571428,0,0.0,1.0,0.0,0.0,23.2,8.0,0.0,5.1,560,0
2019-07-16,152.23214285714286,0,0.0,1.0,0.0,0.0,22.3,15.2,0.0,5.3,561,0
2019-07-17,143.35714285714286,0,0.0,1.0,0.0,0.0,20.0,12.6,1.9,8.0,562,0
2019-07-18,149.625,0,0.0,1.0,0.0,0.0,20.6,12.2,0.0,9.0,563,0
2019-07-19,135.09821428571428,0,0.0,1.0,0.0,0.0,22.5,13.2,3.9,6.7,564,0
2019-07-20,91.63063063063065,1,0.0,1.0,0.0,0.0,18.6,13.6,0.7,9.5,565,0
2019-07-21,67.76576576576576,1,0.0,1.0,0.0,0.0,20.0,11.3,6.9,10.1,566,0
2019-07-22,144.36936936936937,0,0.0,1.0,0.0,0.0,24.9,17.8,0.0,12.6,567,0
2019-07-23,149.73873873873873,0,0.0,1.0,0.0,0.0,23.1,14.7,0.0,8.5,568,0
2019-07-24,152.85585585585585,0,0.0,1.0,0.0,0.0,24.2,15.7,0.0,7.8,569,0
2019-07-25,154.13513513513513,0,0.0,1.0,0.0,0.0,22.3,15.9,0.0,10.8,570,0
2019-07-26,150.29729729729732,0,0.0,1.0,0.0,0.0,22.7,13.2,0.1,8.6,571,0
2019-07-27,92.1801801801802,1,0.0,1.0,0.0,0.0,20.9,10.0,0.0,8.2,572,0
2019-07-28,81.85585585585585,1,0.0,1.0,0.0,0.0,20.6,9.9,0.0,9.7,573,0
2019-07-29,134.46846846846847,0,0.0,1.0,0.0,0.0,20.0,12.2,1.6,5.5,574,0
2019-07-30,133.8918918918919,0,0.0,1.0,0.0,0.0,19.0,12.6,15.8,9.1,575,0
2019-07-31,150.25225225225225,0,0.0,1.0,0.0,0.0,19.9,12.3,0.0,10.1,576,0
2019-08-01,150.78378378378378,0,0.0,1.0,0.0,0.0,20.1,10.2,0.0,5.5,577,0
2019-08-02,143.20720720720718,0,0.0,1.0,0.0,0.0,21.7,8.5,0.0,6.2,578,0
2019-08-03,79.06306306306305,1,0.0,1.0,0.0,0.0,19.8,12.6,0.9,6.8,579,0
2019-08-04,62.6936936936937,1,0.0,1.0,0.0,0.0,20.7,13.6,5.9,6.9,580,0
2019-08-05,71.88288288288287,0,0.0,1.0,0.0,0.0,21.6,12.1,0.1,8.9,581,1
2019-08-06,128.9189189189189,0,0.0,1.0,0.0,0.0,18.8,13.7,5.4,8.9,582,0
2019-08-07,149.05405405405406,0,0.0,1.0,0.0,0.0,21.3,11.8,0.3,9.5,583,0
2019-08-08,148.42342342342343,0,0.0,1.0,0.0,0.0,19.1,11.0,2.9,8.8,584,0
2019-08-09,126.981981981982,0,0.0,1.0,0.0,0.0,19.0,14.7,22.8,11.8,585,0
2019-08-10,82.02702702702703,1,0.0,1.0,0.0,0.0,19.1,13.9,14.0,10.9,586,0
2019-08-11,73.62162162162163,1,0.0,1.0,0.0,0.0,17.7,8.0,2.6,11.4,587,0
2019-08-12,126.70270270270271,0,0.0,1.0,0.0,0.0,17.1,7.8,4.8,6.5,588,0
2019-08-13,137.0810810810811,0,0.0,1.0,0.0,0.0,17.4,8.0,4.5,5.5,589,0
2019-08-14,140.3153153153153,0,0.0,1.0,0.0,0.0,21.3,13.6,2.8,9.0,590,0
2019-08-15,144.86486486486487,0,0.0,1.0,0.0,0.0,20.0,12.7,0.0,12.2,591,0
2019-08-16,130.7927927927928,0,0.0,1.0,0.0,0.0,22.0,13.4,13.3,10.2,592,0
2019-08-17,83.1981981981982,1,0.0,1.0,0.0,0.0,18.7,11.7,0.3,10.0,593,0
2019-08-18,69.009009009009,1,0.0,1.0,0.0,0.0,17.9,11.4,0.7,11.1,594,0
2019-08-19,135.0,0,0.0,1.0,0.0,0.0,17.1,10.5,2.2,10.6,595,0
2019-08-20,135.05405405405406,0,0.0,1.0,0.0,0.0,16.7,8.3,1.9,7.0,596,0
2019-08-21,137.87387387387386,0,0.0,1.0,0.0,0.0,16.2,11.3,3.8,9.2,597,0
2019-08-22,145.32432432432432,0,0.0,1.0,0.0,0.0,20.5,13.7,0.3,8.4,598,0
2019-08-23,149.018018018018,0,0.0,1.0,0.0,0.0,22.3,9.2,0.0,6.4,599,0
2019-08-24,89.57657657657656,1,0.0,1.0,0.0,0.0,21.3,8.3,0.0,6.6,600,0
2019-08-25,78.34234234234235,1,0.0,1.0,0.0,0.0,20.5,9.9,0.0,4.8,601,0
2019-08-26,145.3153153153153,0,0.0,1.0,0.0,0.0,19.9,10.1,0.0,5.5,602,0
2019-08-27,146.06306306306303,0,0.0,1.0,0.0,0.0,22.0,11.9,0.0,6.5,603,0
2019-08-28,147.74774774774775,0,0.0,1.0,0.0,0.0,18.9,11.5,0.3,8.7,604,0
2019-08-29,146.6036036036036,0,0.0,1.0,0.0,0.0,19.5,12.3,0.3,10.2,605,0
2019-08-30,141.02702702702703,0,0.0,1.0,0.0,0.0,20.3,15.2,0.1,13.7,606,0
2019-08-31,81.72972972972974,1,0.0,1.0,0.0,0.0,17.6,9.7,1.7,14.5,607,0
2019-09-01,71.47747747747748,1,1.0,0.0,0.0,0.0,17.0,8.4,0.2,11.4,608,0
2019-09-02,125.47747747747749,0,1.0,0.0,0.0,0.0,16.0,10.7,2.3,9.2,609,0
2019-09-03,142.44144144144144,0,1.0,0.0,0.0,0.0,20.9,13.1,1.6,9.4,610,0
2019-09-04,146.5495495495495,0,1.0,0.0,0.0,0.0,16.2,8.1,1.7,15.9,611,0
2019-09-05,151.4504504504505,0,1.0,0.0,0.0,0.0,18.0,6.9,0.0,12.1,612,0
2019-09-06,140.97297297297297,0,1.0,0.0,0.0,0.0,17.2,10.3,1.6,13.8,613,0
2019-09-07,85.1981981981982,1,1.0,0.0,0.0,0.0,17.2,6.5,0.0,7.6,614,0
2019-09-08,67.24324324324324,1,1.0,0.0,0.0,0.0,18.3,9.3,0.2,5.0,615,0
2019-09-09,133.45045045045046,0,1.0,0.0,0.0,0.0,16.7,6.8,3.8,9.9,616,0
2019-09-10,147.018018018018,0,1.0,0.0,0.0,0.0,16.2,6.0,0.0,9.1,617,0
2019-09-11,143.63063063063063,0,1.0,0.0,0.0,0.0,18.5,13.2,0.2,12.1,618,0
2019-09-12,151.4144144144144,0,1.0,0.0,0.0,0.0,20.0,7.1,0.7,9.7,619,0
2019-09-13,149.47747747747746,0,1.0,0.0,0.0,0.0,17.9,6.1,0.0,6.1,620,0
2019-09-14,90.45945945945944,1,1.0,0.0,0.0,0.0,19.7,3.4,0.0,7.1,621,0
2019-09-15,51.34234234234235,1,1.0,0.0,0.0,0.0,15.5,11.4,8.7,7.7,622,0
2019-09-16,129.59459459459458,0,1.0,0.0,0.0,0.0,14.0,6.4,1.9,6.4,623,0
2019-09-17,137.3423423423423,0,1.0,0.0,0.0,0.0,16.1,4.7,0.0,5.5,624,0
2019-09-18,151.11711711711712,0,1.0,0.0,0.0,0.0,19.1,4.0,0.0,3.8,625,0
2019-09-19,154.63963963963963,0,1.0,0.0,0.0,0.0,18.8,5.7,0.0,4.4,626,0
2019-09-20,156.54054054054058,0,1.0,0.0,0.0,0.0,17.5,9.7,0.1,8.0,627,0
2019-09-21,82.53153153153153,1,1.0,0.0,0.0,0.0,20.0,11.8,1.1,10.5,628,0
2019-09-22,59.252252252252255,1,1.0,0.0,0.0,0.0,18.3,12.0,18.7,7.8,629,0
2019-09-23,127.69369369369369,0,1.0,0.0,0.0,0.0,16.8,8.8,6.2,8.0,630,0
2019-09-24,149.26126126126127,0,1.0,0.0,0.0,0.0,19.7,9.1,4.9,4.8,631,0
2019-09-25,151.4144144144144,0,1.0,0.0,0.0,0.0,18.7,12.2,1.8,7.0,632,0
2019-09-26,149.35135135135138,0,1.0,0.0,0.0,0.0,16.6,11.1,3.9,9.5,633,0
2019-09-27,142.47747747747746,0,1.0,0.0,0.0,0.0,16.0,10.9,2.9,11.2,634,0
2019-09-28,71.90090090090091,1,1.0,0.0,0.0,0.0,16.7,11.1,10.7,9.9,635,0
2019-09-29,69.08108108108108,1,1.0,0.0,0.0,0.0,16.4,8.6,7.6,12.0,636,0
2019-09-30,104.93693693693692,0,1.0,0.0,0.0,0.0,13.3,5.4,23.8,8.9,637,0
2019-10-01,115.018018018018,0,1.0,0.0,0.0,0.0,12.4,3.8,5.6,14.6,638,0
2019-10-01,115.018018018018,0,1.0,0.0,0.0,0.0,12.4,3.8,5.6,14.6,638,0
2019-10-02,150.77477477477478,0,1.0,0.0,0.0,0.0,12.0,2.1,0.0,5.9,639,0
2019-10-03,134.8918918918919,0,1.0,0.0,0.0,0.0,15.5,4.6,1.8,11.2,640,0
2019-10-04,127.4054054054054,0,1.0,0.0,0.0,0.0,15.0,8.7,7.7,9.2,641,0
2019-10-05,61.972972972972975,1,1.0,0.0,0.0,0.0,14.9,8.5,12.1,7.6,642,0
2019-10-06,71.54054054054055,1,1.0,0.0,0.0,0.0,15.0,8.8,0.2,11.3,643,0
2019-10-07,139.16216216216216,0,1.0,0.0,0.0,0.0,16.4,10.3,7.6,10.5,644,0
2019-10-08,148.0990990990991,0,1.0,0.0,0.0,0.0,14.2,9.5,0.2,11.7,645,0
2019-10-09,146.59459459459458,0,1.0,0.0,0.0,0.0,13.7,7.9,0.6,10.4,646,0
2019-10-10,145.37837837837841,0,1.0,0.0,0.0,0.0,15.8,9.1,3.0,11.5,647,0
2019-10-11,147.02702702702703,0,1.0,0.0,0.0,0.0,14.6,9.1,0.1,9.2,648,0
2019-10-12,80.46846846846847,1,1.0,0.0,0.0,0.0,15.2,6.2,0.0,5.3,649,0
2019-10-13,61.47747747747747,1,1.0,0.0,0.0,0.0,13.2,3.3,8.6,4.4,650,0
2019-10-14,123.90990990990991,0,1.0,0.0,0.0,0.0,14.3,2.1,9.0,6.4,651,0
2019-10-15,142.40540540540542,0,1.0,0.0,0.0,0.0,14.6,4.3,1.3,6.5,652,0
2019-10-16,150.3063063063063,0,1.0,0.0,0.0,0.0,13.5,6.8,2.0,8.1,653,0
2019-10-17,145.07207207207207,0,1.0,0.0,0.0,0.0,13.9,6.6,1.5,8.0,654,0
2019-10-18,138.2882882882883,0,1.0,0.0,0.0,0.0,11.8,3.9,0.3,6.8,655,0
2019-10-19,71.31531531531532,1,1.0,0.0,0.0,0.0,11.8,4.9,1.1,9.7,656,0
2019-10-20,66.25225225225225,1,1.0,0.0,0.0,0.0,11.4,4.4,0.0,9.4,657,0
2019-10-21,129.47747747747746,0,1.0,0.0,0.0,0.0,11.8,0.5,0.0,5.1,658,0
2019-10-22,139.72072072072072,0,1.0,0.0,0.0,0.0,10.8,5.2,0.0,6.3,659,0
2019-10-23,147.79279279279282,0,1.0,0.0,0.0,0.0,13.5,10.3,0.4,9.4,660,0
2019-10-24,143.61261261261262,0,1.0,0.0,0.0,0.0,13.4,1.6,1.0,7.7,661,0
2019-10-25,109.4054054054054,0,1.0,0.0,0.0,0.0,6.6,1.1,8.9,5.0,662,0
2019-10-26,74.45945945945945,1,1.0,0.0,0.0,0.0,8.7,2.8,0.6,8.5,663,0
2019-10-27,66.990990990991,1,1.0,0.0,0.0,0.0,9.9,-0.9,0.0,8.0,664,0
2019-10-28,63.189189189189186,0,1.0,0.0,0.0,0.0,9.8,-1.4,0.0,9.5,665,1
2019-10-29,126.50450450450451,0,1.0,0.0,0.0,0.0,10.4,6.2,0.0,14.3,666,0
2019-10-30,136.72972972972974,0,1.0,0.0,0.0,0.0,10.9,7.8,0.0,13.7,667,0
2019-10-31,124.92792792792791,0,1.0,0.0,0.0,0.0,11.7,8.2,3.6,8.0,668,0
2019-11-01,127.2792792792793,0,1.0,0.0,0.0,0.0,13.4,10.1,6.8,7.9,669,0
2019-11-02,56.198198198198206,1,1.0,0.0,0.0,0.0,10.6,2.8,21.8,6.1,670,0
2019-11-03,63.83783783783784,1,1.0,0.0,0.0,0.0,7.9,4.2,0.2,7.0,671,0
2019-11-04,98.5135135135135,0,1.0,0.0,0.0,0.0,9.9,5.1,12.3,10.0,672,0
2019-11-05,133.57657657657657,0,1.0,0.0,0.0,0.0,10.2,5.3,0.0,10.2,673,0
2019-11-06,133.24324324324328,0,1.0,0.0,0.0,0.0,9.8,3.6,2.4,5.2,674,0
2019-11-07,93.4054054054054,0,1.0,0.0,0.0,0.0,8.4,4.3,15.8,13.4,675,0
2019-11-08,134.54054054054058,0,1.0,0.0,0.0,0.0,8.1,1.6,0.0,7.3,676,0
2019-11-09,60.315315315315324,1,1.0,0.0,0.0,0.0,7.4,3.9,14.4,14.0,677,0
2019-11-10,53.234234234234236,1,1.0,0.0,0.0,0.0,7.2,0.9,9.3,7.3,678,0
2019-11-11,122.75675675675676,0,1.0,0.0,0.0,0.0,7.8,2.7,0.1,15.4,679,0
2019-11-12,137.045871559633,0,1.0,0.0,0.0,0.0,8.3,2.2,0.0,15.5,680,0
2019-11-13,115.04587155963304,0,1.0,0.0,0.0,0.0,7.5,1.7,17.0,10.5,681,0
2019-11-14,129.00917431192659,0,1.0,0.0,0.0,0.0,7.2,1.6,2.2,15.6,682,0
2019-11-15,125.06422018348623,0,1.0,0.0,0.0,0.0,7.4,1.4,0.0,13.2,683,0
2019-11-16,71.97247706422019,1,1.0,0.0,0.0,0.0,3.9,0.5,0.0,7.6,684,0
2019-11-17,62.03669724770642,1,1.0,0.0,0.0,0.0,7.3,-0.4,0.0,8.1,685,0
2019-11-18,121.55963302752292,0,1.0,0.0,0.0,0.0,9.0,-2.4,0.0,4.8,686,0
2019-11-19,124.29906542056077,0,1.0,0.0,0.0,0.0,10.7,0.3,0.2,7.7,687,0
2019-11-20,121.61467889908256,0,1.0,0.0,0.0,0.0,9.5,3.0,9.1,15.4,688,0
2019-11-21,114.77981651376149,0,1.0,0.0,0.0,0.0,8.0,6.1,7.4,11.0,689,0
2019-11-22,110.93577981651377,0,1.0,0.0,0.0,0.0,8.8,5.2,22.9,7.6,690,0
2019-11-23,61.29357798165138,1,1.0,0.0,0.0,0.0,9.7,6.2,5.0,9.3,691,0
2019-11-24,56.93577981651376,1,1.0,0.0,0.0,0.0,9.8,3.0,2.3,5.3,692,0
2019-11-25,115.54128440366972,0,1.0,0.0,0.0,0.0,11.7,8.9,15.6,6.5,693,0
2019-11-26,120.41284403669724,0,1.0,0.0,0.0,0.0,11.9,7.2,6.3,9.8,694,0
2019-11-27,131.29357798165137,0,1.0,0.0,0.0,0.0,10.5,4.3,0.4,6.8,695,0
2019-11-28,132.44036697247705,0,1.0,0.0,0.0,0.0,8.9,3.6,1.0,8.2,696,0
2019-11-29,127.59633027522936,0,1.0,0.0,0.0,0.0,7.0,-0.2,0.5,6.1,697,0
2019-11-30,70.64220183486239,1,1.0,0.0,0.0,0.0,7.7,-0.7,0.0,7.8,698,0
2019-12-01,55.87155963302752,1,0.0,0.0,1.0,0.0,5.7,-1.2,0.8,5.8,699,0
2019-12-02,125.1651376146789,0,0.0,0.0,1.0,0.0,5.6,-0.5,0.0,5.6,700,0
2019-12-03,136.12844036697248,0,0.0,0.0,1.0,0.0,9.2,-0.5,0.0,4.8,701,0
2019-12-04,139.5045871559633,0,0.0,0.0,1.0,0.0,9.3,5.3,0.0,8.8,702,0
2019-12-05,133.27522935779817,0,0.0,0.0,1.0,0.0,12.2,5.4,0.1,13.1,703,0
2019-12-06,101.5137614678899,0,0.0,0.0,1.0,0.0,11.7,6.4,2.9,13.2,704,0
2019-12-07,65.14678899082568,1,0.0,0.0,1.0,0.0,12.3,6.5,3.0,12.4,705,0
2019-12-08,44.09174311926605,1,0.0,0.0,1.0,0.0,11.2,4.5,6.0,16.8,706,0
2019-12-09,0.6330275229357798,0,0.0,0.0,1.0,0.0,8.5,4.3,0.0,11.9,707,0
2019-12-10,60.642201834862384,0,0.0,0.0,1.0,0.0,13.8,4.2,4.6,16.0,708,0
2019-12-11,127.1743119266055,0,0.0,0.0,1.0,0.0,4.9,2.1,0.0,11.9,709,0
2019-12-12,87.54128440366972,0,0.0,0.0,1.0,0.0,8.2,3.2,10.4,9.0,710,0
2019-12-13,63.42201834862385,0,0.0,0.0,1.0,0.0,7.3,3.2,0.2,15.2,711,0
2019-12-14,69.91743119266054,1,0.0,0.0,1.0,0.0,5.2,1.7,0.5,11.1,712,0
2019-12-15,53.990825688073386,1,0.0,0.0,1.0,0.0,5.6,0.6,0.1,9.0,713,0
2019-12-16,119.11926605504587,0,0.0,0.0,1.0,0.0,6.0,2.1,0.0,9.0,714,0
2019-12-17,30.926605504587155,0,0.0,0.0,1.0,0.0,4.1,-2.9,0.1,5.9,715,0
2019-12-22,45.97222222222222,1,0.0,0.0,1.0,0.0,7.5,3.8,0.0,8.0,720,0
2019-12-23,31.43518518518519,0,0.0,0.0,1.0,0.0,8.4,4.9,1.4,9.0,721,0
2019-12-24,59.981481481481474,0,0.0,0.0,1.0,0.0,7.9,2.5,1.6,10.0,722,0
2019-12-25,0.6203703703703703,0,0.0,0.0,1.0,0.0,7.7,0.7,0.0,7.8,723,1
2019-12-30,64.80555555555556,0,0.0,0.0,1.0,0.0,11.0,2.9,0.2,6.9,728,0
2019-12-31,19.592592592592588,0,0.0,0.0,1.0,0.0,9.0,4.1,0.0,6.2,729,0
2020-01-01,28.953703703703702,0,0.0,0.0,1.0,0.0,7.9,0.0,0.0,4.1,730,1
2020-01-01,28.953703703703702,0,0.0,0.0,1.0,0.0,7.9,0.0,0.0,4.1,730,1
2020-01-03,104.38888888888887,0,0.0,0.0,1.0,0.0,7.6,3.0,0.0,10.8,732,0
2020-01-04,1.0,1,0.0,0.0,1.0,0.0,8.0,5.1,0.1,7.8,733,0
2020-01-05,51.0925925925926,1,0.0,0.0,1.0,0.0,11.0,7.0,0.0,9.9,734,0
2020-01-06,0.2777777777777778,0,0.0,0.0,1.0,0.0,10.3,5.6,2.4,13.7,735,0
2020-01-13,107.69444444444444,0,0.0,0.0,1.0,0.0,9.2,4.0,3.6,15.5,742,0
2020-01-14,74.25,0,0.0,0.0,1.0,0.0,5.8,3.3,3.3,9.5,743,0
2020-01-23,140.34259259259258,0,0.0,0.0,1.0,0.0,9.1,3.2,0.1,4.1,752,0
2020-01-24,1.0740740740740742,0,0.0,0.0,1.0,0.0,6.7,5.1,0.1,6.5,753,0
2020-01-25,63.02777777777778,1,0.0,0.0,1.0,0.0,8.6,4.8,0.0,8.8,754,0
2020-01-27,65.62962962962963,0,0.0,0.0,1.0,0.0,7.0,1.6,0.0,10.9,756,0
2020-01-28,132.40740740740742,0,0.0,0.0,1.0,0.0,5.9,0.7,0.0,13.3,757,0
2020-01-29,135.38532110091742,0,0.0,0.0,1.0,0.0,9.5,1.7,0.2,11.0,758,0
2020-01-30,137.99082568807341,0,0.0,0.0,1.0,0.0,12.5,6.5,0.0,12.3,759,0
2020-01-31,129.6880733944954,0,0.0,0.0,1.0,0.0,13.3,8.7,1.5,12.5,760,0
2020-02-01,65.37614678899082,1,0.0,0.0,1.0,0.0,10.1,5.3,0.0,12.8,761,0
2020-02-02,60.86238532110092,1,0.0,0.0,1.0,0.0,11.1,4.7,5.6,10.7,762,0
2020-02-03,122.79816513761469,0,0.0,0.0,1.0,0.0,8.6,3.1,0.1,14.8,763,0
2020-02-04,131.47706422018348,0,0.0,0.0,1.0,0.0,8.8,1.3,0.2,13.5,764,0
2020-02-05,134.24770642201835,0,0.0,0.0,1.0,0.0,8.9,0.0,0.0,5.2,765,0
2020-02-06,134.348623853211,0,0.0,0.0,1.0,0.0,9.7,-2.3,0.0,6.0,766,0
2020-02-07,124.72477064220185,0,0.0,0.0,1.0,0.0,10.5,5.1,0.1,13.7,767,0
2020-02-08,62.8348623853211,1,0.0,0.0,1.0,0.0,11.1,3.5,4.2,17.3,768,0
2020-02-09,34.38532110091743,1,0.0,0.0,1.0,0.0,11.6,4.2,25.6,17.7,769,0
2020-02-10,114.87155963302752,0,0.0,0.0,1.0,0.0,5.0,0.3,3.1,15.2,770,0
2020-02-11,112.52293577981649,0,0.0,0.0,1.0,0.0,4.3,0.4,2.6,14.6,771,0
2020-02-12,127.34862385321101,0,0.0,0.0,1.0,0.0,6.7,0.6,0.9,10.9,772,0
2020-02-13,136.36697247706422,0,0.0,0.0,1.0,0.0,6.7,3.0,2.3,9.8,773,0
2020-02-14,125.56880733944952,0,0.0,0.0,1.0,0.0,12.2,2.6,0.9,10.4,774,0
2020-02-15,46.889908256880744,1,0.0,0.0,1.0,0.0,12.2,5.2,10.0,15.4,775,0
2020-02-16,47.550458715596335,1,0.0,0.0,1.0,0.0,10.3,2.7,10.3,16.5,776,0
2020-02-17,120.13761467889908,0,0.0,0.0,1.0,0.0,8.0,2.6,0.5,16.8,777,0
2020-02-18,120.10091743119267,0,0.0,0.0,1.0,0.0,7.5,1.7,6.4,13.1,778,0
2020-02-19,118.49541284403671,0,0.0,0.0,1.0,0.0,10.0,2.0,3.6,11.2,779,0
2020-02-20,122.62385321100918,0,0.0,0.0,1.0,0.0,9.8,2.5,7.1,14.5,780,0
2020-02-21,117.28440366972477,0,0.0,0.0,1.0,0.0,11.0,4.2,5.4,16.3,781,0
2020-02-22,65.1743119266055,1,0.0,0.0,1.0,0.0,10.7,4.8,5.0,14.5,782,0
2020-02-23,56.22935779816514,1,0.0,0.0,1.0,0.0,7.6,3.7,9.3,9.4,783,0
2020-02-24,117.37614678899082,0,0.0,0.0,1.0,0.0,11.4,3.2,14.8,16.0,784,0
2020-02-25,126.5504587155963,0,0.0,0.0,1.0,0.0,4.8,0.6,1.0,13.6,785,0
2020-02-26,128.11009174311926,0,0.0,0.0,1.0,0.0,7.0,0.5,1.7,12.4,786,0
2020-02-27,131.29090909090908,0,0.0,0.0,1.0,0.0,7.6,-0.3,0.0,10.0,787,0
2020-02-28,124.07272727272728,0,0.0,0.0,1.0,0.0,13.4,3.7,4.1,10.9,788,0
2020-02-29,48.63636363636363,1,0.0,0.0,1.0,0.0,7.6,1.5,5.6,16.9,789,0
2020-03-01,53.5,1,0.0,0.0,0.0,1.0,6.4,1.8,0.7,12.7,790,0
2020-03-02,118.45454545454544,0,0.0,0.0,0.0,1.0,7.3,0.9,0.2,9.6,791,0
2020-03-03,132.86363636363637,0,0.0,0.0,0.0,1.0,8.5,2.6,0.0,12.4,792,0
2020-03-04,135.86363636363637,0,0.0,0.0,0.0,1.0,8.7,-3.7,0.0,3.4,793,0
2020-03-05,131.1727272727273,0,0.0,0.0,0.0,1.0,7.4,-3.9,0.5,5.3,794,0
2020-03-06,125.83636363636364,0,0.0,0.0,0.0,1.0,9.1,-1.0,0.1,8.2,795,0
2020-03-07,63.62727272727273,1,0.0,0.0,0.0,1.0,13.4,5.2,0.4,14.6,796,0
2020-03-08,52.07272727272727,1,0.0,0.0,0.0,1.0,10.4,4.7,1.9,12.1,797,0
2020-03-09,100.78181818181818,0,0.0,0.0,0.0,1.0,12.2,4.6,8.7,12.3,798,0
2020-03-10,118.77272727272728,0,0.0,0.0,0.0,1.0,11.7,4.9,1.4,14.8,799,0
2020-03-11,112.72727272727272,0,0.0,0.0,0.0,1.0,11.0,1.2,5.3,13.0,800,0
2020-03-12,107.86363636363636,0,0.0,0.0,0.0,1.0,8.7,0.5,3.1,16.1,801,0
2020-03-13,92.98181818181818,0,0.0,0.0,0.0,1.0,10.5,4.2,1.4,10.3,802,0
2020-03-14,49.05454545454546,1,0.0,0.0,0.0,1.0,12.2,5.2,4.1,10.5,803,0
2020-03-15,42.8,1,0.0,0.0,0.0,1.0,9.7,2.2,0.3,13.2,804,0
2020-03-16,50.49090909090909,0,0.0,0.0,0.0,1.0,10.5,0.2,0.0,11.0,805,0
2020-03-17,32.763636363636365,0,0.0,0.0,0.0,1.0,15.0,5.5,3.7,10.9,806,1
2020-03-18,63.15454545454546,0,0.0,0.0,0.0,1.0,7.8,0.6,0.0,7.1,807,0
2020-03-19,61.15454545454546,0,0.0,0.0,0.0,1.0,8.8,-2.0,0.0,6.8,808,0
2020-03-20,55.90909090909091,0,0.0,0.0,0.0,1.0,8.7,-2.7,0.0,12.4,809,0
2020-03-21,35.22727272727273,1,0.0,0.0,0.0,1.0,7.9,4.1,0.0,11.0,810,0
2020-03-22,35.50909090909091,1,0.0,0.0,0.0,1.0,9.4,-1.7,0.0,7.0,811,0
2020-03-23,50.26363636363637,0,0.0,0.0,0.0,1.0,13.1,0.3,0.0,6.4,812,0
2020-03-24,48.527272727272724,0,0.0,0.0,0.0,1.0,13.7,6.1,0.0,8.9,813,0
2020-03-25,47.00909090909091,0,0.0,0.0,0.0,1.0,14.9,2.0,0.0,4.0,814,0
2020-03-26,44.96363636363636,0,0.0,0.0,0.0,1.0,11.9,-0.5,0.0,7.6,815,0
2020-03-27,43.57272727272727,0,0.0,0.0,0.0,1.0,9.9,3.6,0.0,10.1,816,0
2020-03-28,19.318181818181817,1,0.0,0.0,0.0,1.0,9.3,3.7,0.0,16.0,817,0
2020-03-29,15.927272727272728,1,0.0,0.0,0.0,1.0,6.2,-1.5,0.0,13.8,818,0
2020-03-30,26.72727272727273,0,0.0,0.0,0.0,1.0,8.5,-0.6,0.0,9.3,819,0
2020-03-31,27.69090909090909,0,0.0,0.0,0.0,1.0,10.3,2.5,0.0,7.1,820,0
2020-04-01,28.83636363636364,0,0.0,0.0,0.0,1.0,11.1,4.3,0.0,9.9,821,0
2020-04-01,28.83636363636364,0,0.0,0.0,0.0,1.0,11.1,4.3,0.0,9.9,821,0
2020-04-02,27.236363636363638,0,0.0,0.0,0.0,1.0,12.6,4.0,1.6,14.1,822,0
2020-04-03,28.51818181818182,0,0.0,0.0,0.0,1.0,11.9,4.7,0.6,7.0,823,0
2020-04-04,25.19090909090909,1,0.0,0.0,0.0,1.0,11.8,6.6,0.0,9.4,824,0
2020-04-05,20.5,1,0.0,0.0,0.0,1.0,14.4,7.5,0.6,15.8,825,0
2020-04-06,29.854545454545452,0,0.0,0.0,0.0,1.0,13.6,5.9,0.0,9.3,826,0
2020-04-07,33.04545454545455,0,0.0,0.0,0.0,1.0,14.9,-0.2,0.0,6.5,827,0
2020-04-08,33.1,0,0.0,0.0,0.0,1.0,16.0,1.7,0.0,3.7,828,0
2020-04-09,31.28181818181818,0,0.0,0.0,0.0,1.0,13.7,1.7,0.0,5.4,829,0
2020-04-10,31.09090909090909,0,0.0,0.0,0.0,1.0,18.4,5.9,0.0,3.5,830,0
2020-04-11,35.263636363636365,1,0.0,0.0,0.0,1.0,19.4,9.6,0.0,7.1,831,0
2020-04-12,14.909090909090908,1,0.0,0.0,0.0,1.0,11.1,7.6,0.6,11.8,832,0
2020-04-13,25.3,0,0.0,0.0,0.0,1.0,8.8,-2.5,0.0,13.3,833,1
2020-04-14,32.972727272727276,0,0.0,0.0,0.0,1.0,12.9,-2.2,0.0,4.2,834,0
2020-04-15,35.21818181818182,0,0.0,0.0,0.0,1.0,14.1,-0.9,0.0,5.2,835,0
2020-04-16,33.89090909090909,0,0.0,0.0,0.0,1.0,13.7,-0.9,0.0,8.8,836,0
2020-04-17,33.61818181818182,0,0.0,0.0,0.0,1.0,13.6,6.9,0.0,11.2,837,0
2020-04-18,28.13636363636364,1,0.0,0.0,0.0,1.0,9.5,6.3,2.3,7.8,838,0
2020-04-19,30.52727272727273,1,0.0,0.0,0.0,1.0,12.1,1.7,0.1,7.1,839,0
2020-04-20,34.92727272727273,0,0.0,0.0,0.0,1.0,12.9,1.0,0.0,13.5,840,0
2020-04-21,35.38181818181818,0,0.0,0.0,0.0,1.0,14.0,6.5,0.0,13.9,841,0
2020-04-22,34.45454545454545,0,0.0,0.0,0.0,1.0,14.6,5.9,0.0,9.2,842,0
2020-04-23,36.91818181818182,0,0.0,0.0,0.0,1.0,12.7,3.3,0.0,7.2,843,0
2020-04-24,39.43636363636364,0,0.0,0.0,0.0,1.0,14.7,2.7,0.0,5.5,844,0
2020-04-25,38.445454545454545,1,0.0,0.0,0.0,1.0,17.2,3.6,0.0,4.8,845,0
2020-04-26,28.00909090909091,1,0.0,0.0,0.0,1.0,11.1,7.9,0.0,5.3,846,0
2020-04-27,35.96363636363636,0,0.0,0.0,0.0,1.0,12.7,0.5,0.0,4.7,847,0
2020-04-28,37.82727272727273,0,0.0,0.0,0.0,1.0,12.0,-1.1,0.0,6.5,848,0
2020-04-29,30.30909090909091,0,0.0,0.0,0.0,1.0,13.8,6.0,4.1,10.0,849,0
2020-04-30,31.20909090909091,0,0.0,0.0,0.0,1.0,11.3,4.7,2.9,11.2,850,0
2020-05-01,36.58181818181818,0,0.0,0.0,0.0,1.0,13.8,3.8,2.6,10.8,851,0
2020-05-02,40.654545454545456,1,0.0,0.0,0.0,1.0,14.4,2.6,0.0,7.6,852,0
2020-05-03,39.8,1,0.0,0.0,0.0,1.0,14.5,2.3,0.0,5.8,853,0
2020-05-04,40.0,0,0.0,0.0,0.0,1.0,13.3,1.4,0.0,9.5,854,1
2020-05-05,43.42727272727273,0,0.0,0.0,0.0,1.0,13.1,3.7,0.0,13.1,855,0
2020-05-06,44.15454545454545,0,0.0,0.0,0.0,1.0,14.4,2.6,0.1,7.5,856,0
2020-05-07,41.78181818181818,0,0.0,0.0,0.0,1.0,17.3,8.9,1.3,6.5,857,0
2020-05-08,49.68181818181818,0,0.0,0.0,0.0,1.0,17.7,8.9,0.0,5.9,858,0
2020-05-09,55.96363636363636,1,0.0,0.0,0.0,1.0,19.2,4.7,0.0,5.0,859,0
2020-05-10,27.04545454545455,1,0.0,0.0,0.0,1.0,11.0,5.3,0.0,15.1,860,0
2020-05-11,38.68181818181818,0,0.0,0.0,0.0,1.0,9.5,-0.7,0.0,12.5,861,0
2020-05-12,42.50909090909091,0,0.0,0.0,0.0,1.0,13.8,-1.2,0.0,7.7,862,0
2020-05-13,41.92727272727272,0,0.0,0.0,0.0,1.0,10.5,-1.7,0.0,10.0,863,0
2020-05-14,49.06363636363636,0,0.0,0.0,0.0,1.0,13.8,-2.6,0.0,4.6,864,0
2020-05-15,45.6,0,0.0,0.0,0.0,1.0,13.2,0.5,0.0,7.3,865,0
2020-05-16,49.85454545454545,1,0.0,0.0,0.0,1.0,15.1,6.0,0.0,6.9,866,0
2020-05-17,44.95454545454545,1,0.0,0.0,0.0,1.0,17.0,9.4,0.2,7.7,867,0
2020-05-18,41.127272727272725,0,0.0,0.0,0.0,1.0,17.3,10.8,0.8,8.3,868,0
2020-05-19,55.22727272727273,0,0.0,0.0,0.0,1.0,20.9,9.5,0.0,7.2,869,0
2020-05-20,61.53636363636364,0,0.0,0.0,0.0,1.0,21.5,6.4,0.0,5.5,870,0
2020-05-21,51.62727272727273,0,0.0,0.0,0.0,1.0,17.5,10.5,1.2,9.7,871,0
2020-05-22,45.41818181818182,0,0.0,0.0,0.0,1.0,17.3,9.3,2.3,17.4,872,0
2020-05-23,43.3,1,0.0,0.0,0.0,1.0,15.4,8.7,0.7,15.6,873,0
2020-05-24,55.86363636363637,1,0.0,0.0,0.0,1.0,19.9,5.7,0.1,10.7,874,0
2020-05-25,55.15454545454546,0,0.0,0.0,0.0,1.0,19.1,4.3,0.0,7.3,875,0
2020-05-26,57.80909090909091,0,0.0,0.0,0.0,1.0,18.8,10.1,0.0,6.8,876,0
2020-05-27,60.76363636363637,0,0.0,0.0,0.0,1.0,18.8,7.0,0.0,6.1,877,0
2020-05-28,65.84545454545454,0,0.0,0.0,0.0,1.0,20.7,7.6,0.0,7.4,878,0
2020-05-29,68.6,0,0.0,0.0,0.0,1.0,20.5,9.3,0.0,7.6,879,0
2020-05-30,70.19090909090909,1,0.0,0.0,0.0,1.0,20.7,7.0,0.0,6.0,880,0
2020-05-31,60.63636363636363,1,0.0,0.0,0.0,1.0,19.7,6.9,0.0,7.3,881,0
2020-06-01,61.09090909090909,0,0.0,1.0,0.0,0.0,20.6,5.7,0.0,6.1,882,1
2020-06-02,62.80909090909091,0,0.0,1.0,0.0,0.0,25.0,5.5,0.4,7.8,883,0
2020-06-03,51.63636363636363,0,0.0,1.0,0.0,0.0,14.7,7.5,1.2,12.6,884,0
2020-06-04,54.57272727272727,0,0.0,1.0,0.0,0.0,17.4,6.5,0.1,11.6,885,0
2020-06-05,53.67272727272727,0,0.0,1.0,0.0,0.0,14.9,5.1,2.8,15.1,886,0
2020-06-06,40.809090909090905,1,0.0,1.0,0.0,0.0,12.0,4.9,0.6,16.2,887,0
2020-06-07,47.35454545454545,1,0.0,1.0,0.0,0.0,16.9,7.5,0.1,9.5,888,0
2020-06-08,62.0,0,0.0,1.0,0.0,0.0,17.1,4.6,0.0,7.1,889,0
2020-06-09,55.7,0,0.0,1.0,0.0,0.0,14.6,3.8,0.1,4.7,890,0
2020-06-10,53.54545454545455,0,0.0,1.0,0.0,0.0,15.0,8.4,3.6,7.5,891,0
2020-06-11,48.31818181818182,0,0.0,1.0,0.0,0.0,14.3,9.8,5.1,15.9,892,0
2020-06-12,56.90909090909091,0,0.0,1.0,0.0,0.0,14.2,10.1,0.9,15.8,893,0
2020-06-13,53.24545454545454,1,0.0,1.0,0.0,0.0,16.8,11.1,5.0,8.6,894,0
2020-06-14,45.42727272727273,1,0.0,1.0,0.0,0.0,19.8,10.3,0.4,6.2,895,0
2020-06-15,72.03636363636362,0,0.0,1.0,0.0,0.0,22.0,7.6,0.0,4.5,896,0
2020-06-16,63.89090909090909,0,0.0,1.0,0.0,0.0,20.4,9.3,2.0,4.4,897,0
2020-06-17,59.36363636363637,0,0.0,1.0,0.0,0.0,17.1,12.1,18.2,4.5,898,0
2020-06-18,54.18181818181818,0,0.0,1.0,0.0,0.0,15.9,9.8,5.5,5.4,899,0
2020-06-19,61.33636363636364,0,0.0,1.0,0.0,0.0,15.4,10.9,6.0,6.9,900,0
2020-06-20,59.45454545454545,1,0.0,1.0,0.0,0.0,19.4,8.9,1.7,10.4,901,0
2020-06-21,48.85454545454545,1,0.0,1.0,0.0,0.0,18.7,9.9,1.4,10.0,902,0
2020-06-22,59.62727272727273,0,0.0,1.0,0.0,0.0,19.6,9.7,2.4,12.2,903,0
2020-06-23,63.1,0,0.0,1.0,0.0,0.0,19.3,14.4,1.9,8.2,904,0
2020-06-24,72.36363636363636,0,0.0,1.0,0.0,0.0,20.0,11.1,0.0,5.4,905,0
2020-06-25,74.39090909090909,0,0.0,1.0,0.0,0.0,23.1,10.8,0.0,5.2,906,0
2020-06-26,72.47272727272727,0,0.0,1.0,0.0,0.0,22.7,13.0,1.1,7.8,907,0
2020-06-27,41.4,1,0.0,1.0,0.0,0.0,16.7,10.8,7.4,11.1,908,0
2020-06-28,35.48181818181819,1,0.0,1.0,0.0,0.0,16.1,10.5,1.3,15.5,909,0
2020-06-29,60.70909090909091,0,0.0,1.0,0.0,0.0,13.9,10.6,0.4,13.9,910,0
2020-06-30,69.05454545454545,0,0.0,1.0,0.0,0.0,16.6,10.6,0.0,6.3,911,0
2020-07-01,55.24545454545454,0,0.0,1.0,0.0,0.0,15.5,11.8,12.2,3.3,912,0
2020-07-01,55.24545454545454,0,0.0,1.0,0.0,0.0,15.5,11.8,12.2,3.3,912,0
2020-07-02,75.0909090909091,0,0.0,1.0,0.0,0.0,18.0,10.1,0.4,8.0,913,0
2020-07-03,70.55454545454545,0,0.0,1.0,0.0,0.0,18.9,11.2,2.8,11.2,914,0
2020-07-04,58.92727272727273,1,0.0,1.0,0.0,0.0,20.2,14.3,2.2,8.8,915,0
2020-07-05,45.01818181818181,1,0.0,1.0,0.0,0.0,15.9,10.5,3.1,17.7,916,0
2020-07-06,68.44545454545455,0,0.0,1.0,0.0,0.0,16.9,9.7,0.0,12.4,917,0
2020-07-07,44.4,0,0.0,1.0,0.0,0.0,14.3,10.3,11.5,5.4,918,0
2020-07-08,49.63636363636363,0,0.0,1.0,0.0,0.0,13.7,10.8,10.9,7.5,919,0
2020-07-09,69.16363636363636,0,0.0,1.0,0.0,0.0,16.9,10.7,2.0,8.4,920,0
2020-07-10,74.64545454545456,0,0.0,1.0,0.0,0.0,17.4,7.3,0.0,11.2,921,0
2020-07-11,62.91818181818182,1,0.0,1.0,0.0,0.0,17.7,7.3,0.0,6.2,922,0
2020-07-12,51.60909090909091,1,0.0,1.0,0.0,0.0,18.9,8.7,0.4,6.6,923,0
2020-07-13,66.74545454545455,0,0.0,1.0,0.0,0.0,18.0,12.0,0.6,9.8,924,0
2020-07-14,60.72727272727273,0,0.0,1.0,0.0,0.0,14.4,10.1,3.0,10.2,925,0
2020-07-15,73.31818181818181,0,0.0,1.0,0.0,0.0,19.8,11.8,1.4,12.7,926,0
2020-07-16,75.51818181818182,0,0.0,1.0,0.0,0.0,22.6,13.5,0.0,11.2,927,0
2020-07-17,74.05454545454545,0,0.0,1.0,0.0,0.0,19.6,14.4,1.0,9.7,928,0
2020-07-18,61.29090909090909,1,0.0,1.0,0.0,0.0,18.2,8.9,3.2,8.5,929,0
2020-07-19,55.95454545454545,1,0.0,1.0,0.0,0.0,18.7,5.0,0.0,8.2,930,0
2020-07-20,71.52727272727273,0,0.0,1.0,0.0,0.0,18.5,5.2,0.0,6.1,931,0
2020-07-21,76.53636363636362,0,0.0,1.0,0.0,0.0,18.5,9.5,0.0,5.1,932,0
2020-07-22,73.86363636363636,0,0.0,1.0,0.0,0.0,20.5,12.8,2.4,7.8,933,0
2020-07-23,72.5,0,0.0,1.0,0.0,0.0,19.5,11.1,4.2,8.2,934,0
2020-07-24,69.00909090909092,0,0.0,1.0,0.0,0.0,19.4,9.7,4.6,6.2,935,0
2020-07-25,57.13636363636363,1,0.0,1.0,0.0,0.0,16.7,11.9,6.0,8.8,936,0
2020-07-26,51.60909090909091,1,0.0,1.0,0.0,0.0,18.7,11.6,3.2,7.7,937,0
2020-07-27,65.47272727272727,0,0.0,1.0,0.0,0.0,18.7,11.1,11.0,12.8,938,0
2020-07-28,73.00909090909092,0,0.0,1.0,0.0,0.0,17.5,9.8,0.0,13.4,939,0
2020-07-29,71.87272727272727,0,0.0,1.0,0.0,0.0,16.1,10.7,0.5,6.2,940,0
2020-07-30,76.06363636363636,0,0.0,1.0,0.0,0.0,20.1,14.0,7.9,7.7,941,0
2020-07-31,75.74545454545455,0,0.0,1.0,0.0,0.0,23.1,15.8,4.4,7.9,942,0
2020-08-01,57.48181818181818,1,0.0,1.0,0.0,0.0,18.3,12.5,1.5,7.8,943,0
2020-08-02,49.49090909090909,1,0.0,1.0,0.0,0.0,18.2,9.6,2.1,7.8,944,0
2020-08-03,51.84545454545454,0,0.0,1.0,0.0,0.0,18.3,8.2,0.1,6.3,945,1
2020-08-04,72.77272727272727,0,0.0,1.0,0.0,0.0,23.3,11.6,2.8,11.6,946,0
2020-08-05,71.83636363636364,0,0.0,1.0,0.0,0.0,21.9,13.2,1.2,8.3,947,0
2020-08-06,77.30909090909091,0,0.0,1.0,0.0,0.0,20.5,8.8,0.0,6.7,948,0
2020-08-07,79.77272727272727,0,0.0,1.0,0.0,0.0,24.0,12.1,0.2,6.8,949,0
2020-08-08,69.13636363636364,1,0.0,1.0,0.0,0.0,18.9,7.7,0.0,5.4,950,0
2020-08-09,54.14545454545455,1,0.0,1.0,0.0,0.0,17.5,8.2,0.0,7.0,951,0
2020-08-10,64.83636363636364,0,0.0,1.0,0.0,0.0,16.6,9.2,1.3,5.8,952,0
2020-08-11,77.3,0,0.0,1.0,0.0,0.0,18.8,10.9,0.1,4.2,953,0
2020-08-12,79.4090909090909,0,0.0,1.0,0.0,0.0,21.9,13.4,0.0,5.5,954,0
2020-08-13,80.1,0,0.0,1.0,0.0,0.0,20.9,14.5,0.0,7.5,955,0
2020-08-14,81.61818181818181,0,0.0,1.0,0.0,0.0,19.3,12.9,0.0,6.7,956,0
2020-08-15,68.02727272727273,1,0.0,1.0,0.0,0.0,19.6,12.1,0.0,7.5,957,0
2020-08-16,50.93636363636364,1,0.0,1.0,0.0,0.0,15.8,13.3,0.5,9.3,958,0
2020-08-17,50.96363636363636,0,0.0,1.0,0.0,0.0,15.6,14.5,9.1,7.9,959,0
2020-08-18,66.27272727272727,0,0.0,1.0,0.0,0.0,21.3,14.4,11.5,5.1,960,0
2020-08-19,54.29090909090909,0,0.0,1.0,0.0,0.0,16.9,11.0,10.5,10.6,961,0
2020-08-20,68.9090909090909,0,0.0,1.0,0.0,0.0,20.3,14.0,3.7,16.6,962,0
2020-08-21,75.41818181818181,0,0.0,1.0,0.0,0.0,19.6,14.2,1.1,13.5,963,0
2020-08-22,56.9,1,0.0,1.0,0.0,0.0,17.0,12.9,1.5,11.3,964,0
2020-08-23,52.4,1,0.0,1.0,0.0,0.0,17.9,9.9,0.0,11.1,965,0
2020-08-24,69.39090909090909,0,0.0,1.0,0.0,0.0,17.0,6.6,2.4,6.6,966,0
2020-08-25,54.01818181818182,0,0.0,1.0,0.0,0.0,18.0,12.4,20.8,16.8,967,0
2020-08-26,79.65454545454546,0,0.0,1.0,0.0,0.0,19.4,11.3,0.1,10.4,968,0
2020-08-27,65.9,0,0.0,1.0,0.0,0.0,14.8,11.2,6.6,5.7,969,0
2020-08-28,62.96363636363636,0,0.0,1.0,0.0,0.0,15.1,8.1,10.0,12.7,970,0
2020-08-29,60.48181818181818,1,0.0,1.0,0.0,0.0,14.6,4.7,0.0,11.0,971,0
2020-08-30,55.07272727272727,1,0.0,1.0,0.0,0.0,16.0,3.8,0.0,5.5,972,0
2020-08-31,72.50909090909092,0,0.0,1.0,0.0,0.0,18.3,6.5,0.0,5.5,973,0
2020-09-01,78.63636363636364,0,1.0,0.0,0.0,0.0,20.1,10.7,0.0,7.0,974,0
2020-09-02,61.56363636363636,0,1.0,0.0,0.0,0.0,21.7,12.4,23.1,8.9,975,0
2020-09-03,77.87272727272727,0,1.0,0.0,0.0,0.0,18.0,11.2,0.2,9.3,976,0
2020-09-04,75.54545454545455,0,1.0,0.0,0.0,0.0,16.5,9.9,1.6,9.5,977,0
2020-09-05,59.70909090909091,1,1.0,0.0,0.0,0.0,15.8,9.1,3.4,9.6,978,0
2020-09-06,53.60909090909091,1,1.0,0.0,0.0,0.0,18.3,11.8,0.1,7.8,979,0
2020-09-07,69.96363636363637,0,1.0,0.0,0.0,0.0,17.9,11.7,3.3,9.7,980,0
2020-09-08,79.67272727272727,0,1.0,0.0,0.0,0.0,21.9,15.9,0.3,8.8,981,0
2020-09-09,81.81818181818181,0,1.0,0.0,0.0,0.0,17.2,9.9,0.5,11.7,982,0
2020-09-10,80.7090909090909,0,1.0,0.0,0.0,0.0,14.6,9.8,0.0,6.0,983,0
2020-09-11,73.91818181818181,0,1.0,0.0,0.0,0.0,15.4,11.3,0.2,9.6,984,0
2020-09-12,63.90909090909091,1,1.0,0.0,0.0,0.0,16.8,9.8,0.0,9.8,985,0
2020-09-13,57.9,1,1.0,0.0,0.0,0.0,22.0,14.2,0.0,11.1,986,0
2020-09-14,77.51818181818182,0,1.0,0.0,0.0,0.0,22.4,11.7,0.4,4.8,987,0
2020-09-15,81.37272727272727,0,1.0,0.0,0.0,0.0,22.7,11.9,2.4,4.3,988,0
2020-09-16,81.27272727272727,0,1.0,0.0,0.0,0.0,19.0,12.0,0.0,7.3,989,0
2020-09-17,84.33636363636364,0,1.0,0.0,0.0,0.0,18.6,9.9,0.0,6.8,990,0
2020-09-18,83.27272727272727,0,1.0,0.0,0.0,0.0,15.1,8.0,0.1,11.6,991,0
2020-09-19,58.58181818181818,1,1.0,0.0,0.0,0.0,13.9,10.2,0.0,13.2,992,0
2020-09-20,49.50909090909091,1,1.0,0.0,0.0,0.0,14.7,4.6,0.1,9.5,993,0
2020-09-21,78.60909090909091,0,1.0,0.0,0.0,0.0,18.6,5.3,0.0,5.7,994,0
2020-09-22,73.58181818181819,0,1.0,0.0,0.0,0.0,17.2,10.4,3.3,8.0,995,0
2020-09-23,76.89090909090909,0,1.0,0.0,0.0,0.0,13.3,2.7,0.0,6.6,996,0
2020-09-24,61.01818181818182,0,1.0,0.0,0.0,0.0,11.0,5.2,10.8,9.1,997,0
2020-09-25,72.93636363636364,0,1.0,0.0,0.0,0.0,12.4,3.3,0.3,12.6,998,0
2020-09-26,60.83636363636364,1,1.0,0.0,0.0,0.0,13.1,1.1,0.0,8.6,999,0
2020-09-27,55.67272727272727,1,1.0,0.0,0.0,0.0,14.3,0.9,0.0,5.6,1000,0
2020-09-28,67.26363636363637,0,1.0,0.0,0.0,0.0,17.3,4.8,0.9,7.0,1001,0
2020-09-29,75.50909090909092,0,1.0,0.0,0.0,0.0,15.5,4.0,0.3,6.9,1002,0
2020-09-30,59.81818181818182,0,1.0,0.0,0.0,0.0,14.6,6.3,9.6,9.4,1003,0
2020-10-01,71.12727272727273,0,1.0,0.0,0.0,0.0,12.3,3.7,15.9,5.5,1004,0
2020-10-01,71.12727272727273,0,1.0,0.0,0.0,0.0,12.3,3.7,15.9,5.5,1004,0
2020-10-02,75.94545454545455,0,1.0,0.0,0.0,0.0,12.7,5.3,0.0,10.8,1005,0
2020-10-03,56.27272727272727,1,1.0,0.0,0.0,0.0,11.8,5.3,0.1,12.2,1006,0
2020-10-04,25.118181818181814,1,1.0,0.0,0.0,0.0,11.6,7.1,16.1,14.3,1007,0
2020-10-05,66.87272727272727,0,1.0,0.0,0.0,0.0,13.1,8.3,2.0,12.1,1008,0
2020-10-06,66.11818181818182,0,1.0,0.0,0.0,0.0,14.1,7.9,0.9,13.4,1009,0
2020-10-07,66.94545454545455,0,1.0,0.0,0.0,0.0,13.3,7.4,12.2,7.3,1010,0
2020-10-08,71.37272727272727,0,1.0,0.0,0.0,0.0,13.4,7.7,4.4,9.9,1011,0
2020-10-09,72.06363636363636,0,1.0,0.0,0.0,0.0,11.6,5.3,0.3,11.5,1012,0
2020-10-10,60.04545454545455,1,1.0,0.0,0.0,0.0,13.4,5.5,0.0,14.6,1013,0
2020-10-11,49.49090909090909,1,1.0,0.0,0.0,0.0,12.4,5.6,0.0,7.0,1014,0
2020-10-12,69.21818181818182,0,1.0,0.0,0.0,0.0,13.3,6.4,1.6,11.5,1015,0
2020-10-13,69.9,0,1.0,0.0,0.0,0.0,11.8,6.4,0.0,13.4,1016,0
2020-10-14,72.41818181818181,0,1.0,0.0,0.0,0.0,13.6,8.2,1.4,10.7,1017,0
2020-10-15,69.23636363636363,0,1.0,0.0,0.0,0.0,12.7,3.5,1.0,4.3,1018,0
2020-10-16,72.47272727272727,0,1.0,0.0,0.0,0.0,12.0,4.5,0.2,7.0,1019,0
2020-10-17,58.81818181818182,1,1.0,0.0,0.0,0.0,12.2,2.7,0.1,7.8,1020,0
2020-10-18,51.77272727272727,1,1.0,0.0,0.0,0.0,13.0,0.3,0.0,3.0,1021,0
2020-10-19,60.8,0,1.0,0.0,0.0,0.0,12.7,10.8,5.6,10.2,1022,0
2020-10-20,71.13636363636364,0,1.0,0.0,0.0,0.0,14.7,11.1,0.6,15.0,1023,0
2020-10-21,75.43636363636364,0,1.0,0.0,0.0,0.0,14.3,7.0,0.4,10.9,1024,0
2020-10-22,56.70909090909091,0,1.0,0.0,0.0,0.0,10.7,6.2,0.0,9.0,1025,0
2020-10-23,56.77272727272727,0,1.0,0.0,0.0,0.0,11.7,7.8,1.9,9.7,1026,0
2020-10-24,45.35454545454545,1,1.0,0.0,0.0,0.0,13.0,7.2,2.6,11.3,1027,0
2020-10-25,45.1,1,1.0,0.0,0.0,0.0,11.5,6.6,0.0,11.2,1028,0
2020-10-26,39.1,0,1.0,0.0,0.0,0.0,12.0,6.6,0.4,13.1,1029,1
2020-10-27,51.23636363636364,0,1.0,0.0,0.0,0.0,11.9,6.6,2.3,10.2,1030,0
2020-10-28,52.38181818181818,0,1.0,0.0,0.0,0.0,10.0,5.6,1.6,11.5,1031,0
2020-10-29,47.71818181818182,0,1.0,0.0,0.0,0.0,15.2,6.5,5.7,11.7,1032,0
2020-10-30,56.51818181818182,0,1.0,0.0,0.0,0.0,15.1,4.2,0.1,8.1,1033,0
2020-10-31,41.37272727272728,1,1.0,0.0,0.0,0.0,15.2,8.0,3.2,15.3,1034,0
2020-11-01,27.79090909090909,1,1.0,0.0,0.0,0.0,16.0,6.4,6.9,15.2,1035,0
2020-11-02,48.14545454545455,0,1.0,0.0,0.0,0.0,9.8,5.1,2.1,11.5,1036,0
2020-11-03,55.1,0,1.0,0.0,0.0,0.0,9.1,2.3,0.3,11.7,1037,0
2020-11-04,55.62727272727273,0,1.0,0.0,0.0,0.0,9.8,1.5,0.0,8.3,1038,0
2020-11-05,54.36363636363637,0,1.0,0.0,0.0,0.0,9.1,4.9,0.3,5.2,1039,0
2020-11-06,59.027272727272724,0,1.0,0.0,0.0,0.0,11.1,3.3,0.0,5.8,1040,0
2020-11-07,49.61818181818182,1,1.0,0.0,0.0,0.0,11.5,1.8,0.5,4.8,1041,0
2020-11-08,40.18181818181818,1,1.0,0.0,0.0,0.0,14.3,10.6,6.6,7.5,1042,0
2020-11-09,52.48181818181818,0,1.0,0.0,0.0,0.0,13.6,11.8,0.5,7.8,1043,0
2020-11-10,57.22727272727273,0,1.0,0.0,0.0,0.0,12.2,10.1,0.3,6.5,1044,0
2020-11-11,44.80909090909091,0,1.0,0.0,0.0,0.0,13.6,7.8,6.4,13.7,1045,0
2020-11-12,58.6,0,1.0,0.0,0.0,0.0,12.3,6.1,1.7,12.4,1046,0
2020-11-13,59.45454545454545,0,1.0,0.0,0.0,0.0,9.9,6.0,1.2,10.5,1047,0
2020-11-14,39.78181818181818,1,1.0,0.0,0.0,0.0,13.6,8.7,2.7,11.5,1048,0
2020-11-15,30.28181818181818,1,1.0,0.0,0.0,0.0,11.3,6.1,6.1,11.9,1049,0
2020-11-16,50.7,0,1.0,0.0,0.0,0.0,13.7,6.8,1.5,11.9,1050,0
2020-11-17,58.24545454545454,0,1.0,0.0,0.0,0.0,15.5,12.6,0.0,13.7,1051,0
2020-11-18,49.43636363636364,0,1.0,0.0,0.0,0.0,14.4,6.8,1.5,16.2,1052,0
2020-11-19,57.7,0,1.0,0.0,0.0,0.0,8.0,4.1,0.0,12.2,1053,0
2020-11-20,53.87272727272728,0,1.0,0.0,0.0,0.0,12.4,6.6,2.8,12.2,1054,0
2020-11-21,46.03636363636364,1,1.0,0.0,0.0,0.0,11.1,6.0,1.5,11.3,1055,0
2020-11-22,39.154545454545456,1,1.0,0.0,0.0,0.0,8.3,3.6,0.0,6.1,1056,0
2020-11-23,54.10909090909091,0,1.0,0.0,0.0,0.0,12.0,2.4,0.0,10.5,1057,0
2020-11-24,51.96363636363636,0,1.0,0.0,0.0,0.0,13.1,4.9,4.3,12.0,1058,0
2020-11-25,58.57272727272727,0,1.0,0.0,0.0,0.0,7.6,3.1,0.0,7.7,1059,0
2020-11-26,57.57272727272727,0,1.0,0.0,0.0,0.0,7.5,1.3,0.0,5.5,1060,0
2020-11-27,57.91818181818182,0,1.0,0.0,0.0,0.0,7.9,-1.2,0.2,3.0,1061,0
2020-11-28,43.87272727272728,1,1.0,0.0,0.0,0.0,10.2,0.6,0.0,6.3,1062,0
2020-11-29,37.790909090909096,1,1.0,0.0,0.0,0.0,10.8,1.9,0.0,4.4,1063,0
2020-11-30,50.64545454545455,0,1.0,0.0,0.0,0.0,10.2,2.8,0.7,10.6,1064,0
2020-12-01,63.69090909090909,0,0.0,0.0,1.0,0.0,8.9,3.4,0.0,8.2,1065,0
2020-12-02,64.98181818181818,0,0.0,0.0,1.0,0.0,8.7,4.7,0.4,9.6,1066,0
2020-12-03,64.01818181818182,0,0.0,0.0,1.0,0.0,5.4,-0.7,0.7,9.2,1067,0
2020-12-04,55.9,0,0.0,0.0,1.0,0.0,7.3,-1.1,2.6,17.5,1068,0
2020-12-05,50.76363636363637,1,0.0,0.0,1.0,0.0,7.5,-0.8,0.9,11.8,1069,0
2020-12-06,36.22727272727273,1,0.0,0.0,1.0,0.0,0.3,-3.4,0.0,6.5,1070,0
2020-12-07,54.48181818181818,0,0.0,0.0,1.0,0.0,5.9,-4.4,0.4,7.2,1071,0
2020-12-08,63.64545454545455,0,0.0,0.0,1.0,0.0,6.6,0.2,0.0,13.6,1072,0
2020-12-09,53.79090909090909,0,0.0,0.0,1.0,0.0,8.1,1.6,3.9,8.6,1073,0
2020-12-10,61.83636363636364,0,0.0,0.0,1.0,0.0,9.4,6.3,3.9,5.5,1074,0
2020-12-11,66.44545454545455,0,0.0,0.0,1.0,0.0,9.5,4.6,0.1,8.2,1075,0
2020-12-12,52.24545454545454,1,0.0,0.0,1.0,0.0,6.8,2.3,0.0,9.8,1076,0
2020-12-13,37.709090909090904,1,0.0,0.0,1.0,0.0,12.5,5.5,16.4,13.0,1077,0
2020-12-14,62.68181818181818,0,0.0,0.0,1.0,0.0,10.2,6.6,0.7,11.5,1078,0
2020-12-15,65.2,0,0.0,0.0,1.0,0.0,9.3,5.9,0.9,8.5,1079,0
2020-12-16,63.08181818181818,0,0.0,0.0,1.0,0.0,9.9,6.2,7.7,13.0,1080,0
2020-12-17,68.46788990825688,0,0.0,0.0,1.0,0.0,12.4,5.5,2.6,9.0,1081,0
2020-12-18,63.15596330275228,0,0.0,0.0,1.0,0.0,14.2,8.4,1.5,10.5,1082,0
2020-12-19,48.45871559633027,1,0.0,0.0,1.0,0.0,9.9,5.0,0.0,11.8,1083,0
2020-12-20,40.58715596330275,1,0.0,0.0,1.0,0.0,7.3,4.9,0.0,9.2,1084,0
2020-12-21,51.3211009174312,0,0.0,0.0,1.0,0.0,9.1,1.4,3.0,6.7,1085,0
2020-12-22,57.25688073394495,0,0.0,0.0,1.0,0.0,6.0,0.6,2.6,5.9,1086,0
2020-12-23,43.92660550458715,0,0.0,0.0,1.0,0.0,6.1,2.0,12.0,16.5,1087,0
2020-12-24,40.65137614678899,0,0.0,0.0,1.0,0.0,4.7,-1.3,0.0,10.9,1088,0
2020-12-25,12.376146788990825,0,0.0,0.0,1.0,0.0,7.0,-1.5,0.0,8.2,1089,1
2020-12-26,13.44954128440367,1,0.0,0.0,1.0,0.0,8.4,5.7,14.8,13.5,1090,1
2020-12-27,23.495412844036693,1,0.0,0.0,1.0,0.0,6.2,0.7,5.1,12.8,1091,0
2020-12-28,25.779816513761467,0,0.0,0.0,1.0,0.0,4.8,2.5,1.2,17.1,1092,0
2020-12-29,35.86238532110092,0,0.0,0.0,1.0,0.0,5.1,0.7,0.1,12.6,1093,0
2020-12-30,35.20183486238532,0,0.0,0.0,1.0,0.0,2.8,-1.7,0.0,8.2,1094,0
2020-12-31,29.137614678899087,0,0.0,0.0,1.0,0.0,4.7,-2.2,1.6,11.3,1095,0
2021-01-01,19.28440366972477,0,0.0,0.0,1.0,0.0,5.0,-1.9,0.0,8.8,1096,1
2021-01-01,19.28440366972477,0,0.0,0.0,1.0,0.0,5.0,-1.9,0.0,8.8,1096,1
2021-01-02,24.98165137614679,1,0.0,0.0,1.0,0.0,3.5,-2.4,0.1,10.1,1097,0
2021-01-03,20.908256880733944,1,0.0,0.0,1.0,0.0,3.9,-2.5,4.1,9.2,1098,0
2021-01-04,35.76146788990825,0,0.0,0.0,1.0,0.0,5.3,2.2,0.5,11.5,1099,0
2021-01-05,37.92660550458715,0,0.0,0.0,1.0,0.0,5.2,1.2,1.0,9.5,1100,0
2021-01-06,35.95412844036697,0,0.0,0.0,1.0,0.0,2.7,-1.9,5.0,6.5,1101,0
2021-01-07,33.62385321100918,0,0.0,0.0,1.0,0.0,1.5,-1.7,0.3,8.5,1102,0
2021-01-08,36.44954128440367,0,0.0,0.0,1.0,0.0,1.9,-5.1,0.0,10.2,1103,0
2021-01-09,31.48623853211009,1,0.0,0.0,1.0,0.0,2.4,-5.9,0.0,6.5,1104,0
2021-01-10,23.587155963302752,1,0.0,0.0,1.0,0.0,5.5,1.3,0.0,8.9,1105,0
2021-01-11,31.80733944954129,0,0.0,0.0,1.0,0.0,9.4,4.7,4.4,12.3,1106,0
2021-01-12,31.651376146788987,0,0.0,0.0,1.0,0.0,9.3,4.5,9.7,6.5,1107,0
2021-01-13,32.018348623853214,0,0.0,0.0,1.0,0.0,11.1,5.7,6.9,8.8,1108,0
2021-01-14,36.84403669724771,0,0.0,0.0,1.0,0.0,10.1,0.6,0.1,12.8,1109,0
2021-01-15,40.01834862385322,0,0.0,0.0,1.0,0.0,9.3,-2.2,5.7,8.5,1110,0
2021-01-16,35.944954128440365,1,0.0,0.0,1.0,0.0,10.6,3.8,0.8,13.2,1111,0
2021-01-17,35.96330275229358,1,0.0,0.0,1.0,0.0,6.2,1.9,0.0,9.1,1112,0
2021-01-18,30.055045871559628,0,0.0,0.0,1.0,0.0,9.0,3.9,6.3,6.0,1113,0
2021-01-19,28.990825688073397,0,0.0,0.0,1.0,0.0,11.1,8.1,16.9,8.7,1114,0
2021-01-20,30.6697247706422,0,0.0,0.0,1.0,0.0,10.4,0.9,7.8,8.1,1115,0
2021-01-21,39.715596330275226,0,0.0,0.0,1.0,0.0,5.6,0.4,0.0,12.6,1116,0
2021-01-22,41.37614678899082,0,0.0,0.0,1.0,0.0,4.3,-0.2,0.2,8.2,1117,0
2021-01-23,37.752293577981646,1,0.0,0.0,1.0,0.0,3.5,-1.7,0.0,7.7,1118,0
2021-01-24,24.14678899082569,1,0.0,0.0,1.0,0.0,1.8,-3.1,0.9,6.5,1119,0
2021-01-25,32.58715596330275,0,0.0,0.0,1.0,0.0,4.0,-1.8,0.0,6.6,1120,0
2021-01-26,36.48623853211009,0,0.0,0.0,1.0,0.0,10.0,2.3,1.8,7.9,1121,0
2021-01-27,37.70642201834863,0,0.0,0.0,1.0,0.0,10.7,7.6,10.4,5.5,1122,0
2021-01-28,41.3211009174312,0,0.0,0.0,1.0,0.0,11.9,7.3,2.0,8.3,1123,0
2021-01-29,38.55045871559633,0,0.0,0.0,1.0,0.0,9.6,5.5,1.3,10.9,1124,0
2021-01-30,20.908256880733944,1,0.0,0.0,1.0,0.0,6.0,3.3,20.7,21.6,1125,0
2021-01-31,19.45871559633028,1,0.0,0.0,1.0,0.0,3.9,1.6,8.2,11.6,1126,0
2021-02-01,36.972477064220186,0,0.0,0.0,1.0,0.0,6.4,2.0,3.8,7.8,1127,0
2021-02-02,40.03669724770642,0,0.0,0.0,1.0,0.0,10.0,4.8,19.4,7.1,1128,0
2021-02-03,42.84403669724771,0,0.0,0.0,1.0,0.0,9.1,6.1,2.1,8.7,1129,0
2021-02-04,44.4954128440367,0,0.0,0.0,1.0,0.0,10.1,6.0,2.8,7.8,1130,0
2021-02-05,41.41284403669725,0,0.0,0.0,1.0,0.0,6.4,2.2,0.1,5.5,1131,0
2021-02-06,32.91743119266055,1,0.0,0.0,1.0,0.0,6.4,4.1,1.9,11.8,1132,0
2021-02-07,26.40366972477064,1,0.0,0.0,1.0,0.0,4.7,1.6,0.2,20.1,1133,0
2021-02-08,34.08256880733945,0,0.0,0.0,1.0,0.0,2.8,-0.2,1.3,18.4,1134,0
2021-02-09,34.091743119266056,0,0.0,0.0,1.0,0.0,1.9,-0.2,1.2,17.6,1135,0
2021-02-10,30.89908256880734,0,0.0,0.0,1.0,0.0,3.3,-0.6,1.2,12.5,1136,0
2021-02-11,32.678899082568805,0,0.0,0.0,1.0,0.0,2.0,0.0,0.0,16.0,1137,0
2021-02-12,37.174311926605505,0,0.0,0.0,1.0,0.0,4.5,0.8,0.0,17.0,1138,0
2021-02-13,30.45871559633028,1,0.0,0.0,1.0,0.0,4.3,0.0,0.8,20.5,1139,0
2021-02-14,24.15596330275229,1,0.0,0.0,1.0,0.0,12.7,4.1,1.6,15.5,1140,0
2021-02-15,39.889908256880744,0,0.0,0.0,1.0,0.0,12.7,7.0,1.0,9.6,1141,0
2021-02-16,45.1651376146789,0,0.0,0.0,1.0,0.0,11.2,7.0,0.2,11.6,1142,0
2021-02-17,38.22727272727273,0,0.0,0.0,1.0,0.0,10.5,5.6,0.7,12.0,1143,0
2021-02-18,41.845454545454544,0,0.0,0.0,1.0,0.0,10.1,1.5,4.4,12.4,1144,0
2021-02-19,37.38532110091743,0,0.0,0.0,1.0,0.0,12.4,6.7,2.4,13.2,1145,0
2021-02-20,29.348623853211013,1,0.0,0.0,1.0,0.0,12.4,7.1,0.7,13.3,1146,0
2021-02-21,44.532110091743114,1,0.0,0.0,1.0,0.0,11.9,6.6,0.0,10.8,1147,0
2021-02-22,38.825688073394495,0,0.0,0.0,1.0,0.0,12.0,2.5,0.0,9.7,1148,0
2021-02-23,29.45871559633028,0,0.0,0.0,1.0,0.0,14.2,8.3,8.4,18.6,1149,0
2021-02-24,40.091743119266056,0,0.0,0.0,1.0,0.0,11.0,6.9,0.6,10.8,1150,0
2021-02-25,44.61467889908258,0,0.0,0.0,1.0,0.0,9.9,3.4,0.2,7.6,1151,0
2021-02-26,46.43119266055046,0,0.0,0.0,1.0,0.0,11.6,1.8,0.0,6.1,1152,0
2021-02-27,49.80733944954128,1,0.0,0.0,1.0,0.0,12.1,3.9,0.0,3.8,1153,0
2021-02-28,48.68807339449541,1,0.0,0.0,1.0,0.0,10.1,0.0,0.0,4.2,1154,0
2021-03-01,40.86238532110092,0,0.0,0.0,0.0,1.0,9.3,-2.2,0.0,5.9,1155,0
2021-03-02,42.74311926605505,0,0.0,0.0,0.0,1.0,7.3,-3.1,0.0,4.7,1156,0
2021-03-03,44.19266055045872,0,0.0,0.0,0.0,1.0,5.3,3.5,0.0,6.0,1157,0
2021-03-04,40.74311926605505,0,0.0,0.0,0.0,1.0,5.4,2.3,0.1,8.2,1158,0
2021-03-05,45.51376146788991,0,0.0,0.0,0.0,1.0,5.1,-3.5,0.0,7.0,1159,0
2021-03-06,50.779816513761475,1,0.0,0.0,0.0,1.0,7.3,-3.0,0.0,4.2,1160,0
2021-03-07,46.56880733944954,1,0.0,0.0,0.0,1.0,9.8,-0.3,0.0,4.8,1161,0
2021-03-08,48.60550458715596,0,0.0,0.0,0.0,1.0,10.9,4.6,0.6,6.6,1162,0
2021-03-09,47.17431192660551,0,0.0,0.0,0.0,1.0,10.3,5.9,0.4,12.0,1163,0
2021-03-10,36.302752293577974,0,0.0,0.0,0.0,1.0,13.0,6.9,8.4,12.0,1164,0
2021-03-11,42.98165137614679,0,0.0,0.0,0.0,1.0,9.1,1.4,4.7,15.7,1165,0
2021-03-12,49.5045871559633,0,0.0,0.0,0.0,1.0,8.2,1.4,4.3,13.1,1166,0
2021-03-13,39.715596330275226,1,0.0,0.0,0.0,1.0,7.6,2.7,5.1,18.5,1167,0
2021-03-14,31.48623853211009,1,0.0,0.0,0.0,1.0,10.5,3.8,0.8,15.3,1168,0
2021-03-15,47.71559633027523,0,0.0,0.0,0.0,1.0,13.3,5.8,1.0,10.1,1169,0
2021-03-16,57.58715596330275,0,0.0,0.0,0.0,1.0,13.7,4.6,0.4,11.4,1170,0
2021-03-17,53.71559633027523,0,0.0,0.0,0.0,1.0,13.2,2.9,0.0,8.7,1171,1
2021-03-18,52.96330275229358,0,0.0,0.0,0.0,1.0,14.9,7.9,0.0,10.9,1172,0
2021-03-19,57.68807339449541,0,0.0,0.0,0.0,1.0,11.8,1.3,0.0,5.4,1173,0
2021-03-20,53.559633027522935,1,0.0,0.0,0.0,1.0,11.9,4.9,0.0,7.4,1174,0
2021-03-21,47.81651376146789,1,0.0,0.0,0.0,1.0,12.1,5.9,0.0,6.7,1175,0
2021-03-22,49.94495412844037,0,0.0,0.0,0.0,1.0,9.7,7.3,0.0,5.9,1176,0
2021-03-23,50.02752293577981,0,0.0,0.0,0.0,1.0,11.5,5.5,1.0,10.4,1177,0
2021-03-24,53.68807339449541,0,0.0,0.0,0.0,1.0,12.2,4.5,0.0,9.0,1178,0
2021-03-25,52.43119266055046,0,0.0,0.0,0.0,1.0,11.9,6.2,0.2,11.8,1179,0
2021-03-26,47.69090909090909,0,0.0,0.0,0.0,1.0,9.4,1.6,3.8,13.2,1180,0
2021-03-27,47.79090909090909,1,0.0,0.0,0.0,1.0,10.3,1.4,0.7,13.2,1181,0
2021-03-28,39.663636363636364,1,0.0,0.0,0.0,1.0,14.8,10.0,0.6,15.6,1182,0
2021-03-29,52.41284403669725,0,0.0,0.0,0.0,1.0,16.4,11.5,0.0,14.2,1183,0
2021-03-30,66.86238532110092,0,0.0,0.0,0.0,1.0,15.2,4.7,0.0,7.1,1184,0
2021-03-31,58.96330275229358,0,0.0,0.0,0.0,1.0,14.8,5.4,0.0,5.8,1185,0
2021-04-01,55.68807339449541,0,0.0,0.0,0.0,1.0,8.7,5.6,0.0,13.2,1186,0
2021-04-01,55.68807339449541,0,0.0,0.0,0.0,1.0,8.7,5.6,0.0,13.2,1186,0
2021-04-02,61.467889908256886,0,0.0,0.0,0.0,1.0,9.3,-1.9,0.0,8.6,1187,0
2021-04-03,62.87155963302752,1,0.0,0.0,0.0,1.0,11.3,-1.4,0.0,4.9,1188,0
2021-04-04,48.22935779816514,1,0.0,0.0,0.0,1.0,13.2,-0.8,0.0,11.2,1189,0
2021-04-05,38.174311926605505,0,0.0,0.0,0.0,1.0,7.2,-1.4,0.1,13.5,1190,1
2021-04-06,46.22935779816514,0,0.0,0.0,0.0,1.0,7.9,-2.1,0.2,13.0,1191,0
2021-04-07,46.07339449541285,0,0.0,0.0,0.0,1.0,7.8,-0.3,0.5,8.3,1192,0
2021-04-08,49.752293577981646,0,0.0,0.0,0.0,1.0,11.1,4.3,0.3,10.4,1193,0
2021-04-09,49.05504587155964,0,0.0,0.0,0.0,1.0,8.0,-1.6,1.8,6.2,1194,0
2021-04-10,49.110091743119256,1,0.0,0.0,0.0,1.0,7.9,-4.7,0.0,7.0,1195,0
2021-04-11,38.211009174311926,1,0.0,0.0,0.0,1.0,7.9,-2.8,1.4,9.2,1196,0
2021-04-12,46.74311926605505,0,0.0,0.0,0.0,1.0,9.8,1.3,0.3,5.7,1197,0
2021-04-13,56.954128440366965,0,0.0,0.0,0.0,1.0,10.4,1.2,0.0,5.0,1198,0
2021-04-14,60.42201834862385,0,0.0,0.0,0.0,1.0,11.6,-0.1,0.0,5.1,1199,0
2021-04-15,59.47706422018349,0,0.0,0.0,0.0,1.0,12.2,-2.1,0.0,6.5,1200,0
2021-04-16,59.559633027522935,0,0.0,0.0,0.0,1.0,11.4,-3.0,0.0,6.1,1201,0
2021-04-17,58.05504587155964,1,0.0,0.0,0.0,1.0,12.3,-2.6,0.0,7.6,1202,0
2021-04-18,38.38532110091743,1,0.0,0.0,0.0,1.0,11.1,3.1,0.9,4.5,1203,0
2021-04-19,56.5045871559633,0,0.0,0.0,0.0,1.0,13.0,3.1,0.7,5.3,1204,0
2021-04-20,54.17431192660551,0,0.0,0.0,0.0,1.0,11.8,6.6,0.7,4.3,1205,0
2021-04-21,62.26605504587156,0,0.0,0.0,0.0,1.0,12.8,1.7,0.0,8.1,1206,0
2021-04-22,65.3302752293578,0,0.0,0.0,0.0,1.0,13.0,-0.3,0.0,6.5,1207,0
2021-04-23,68.94495412844037,0,0.0,0.0,0.0,1.0,14.7,-1.0,0.0,6.6,1208,0
2021-04-24,63.045871559633035,1,0.0,0.0,0.0,1.0,14.6,2.2,0.0,7.6,1209,0
2021-04-25,49.93577981651376,1,0.0,0.0,0.0,1.0,11.1,-0.7,0.0,8.4,1210,0
2021-04-26,64.4862385321101,0,0.0,0.0,0.0,1.0,16.1,-0.7,0.0,5.2,1211,0
2021-04-27,56.899082568807344,0,0.0,0.0,0.0,1.0,11.4,5.6,1.3,10.7,1212,0
2021-04-28,57.449541284403665,0,0.0,0.0,0.0,1.0,10.5,3.1,0.0,13.3,1213,0
2021-04-29,58.74311926605505,0,0.0,0.0,0.0,1.0,9.8,-0.5,1.3,5.3,1214,0
2021-04-30,61.97247706422018,0,0.0,0.0,0.0,1.0,9.7,-2.8,1.3,6.0,1215,0
2021-05-01,51.28440366972477,1,0.0,0.0,0.0,1.0,11.3,-1.9,0.0,4.8,1216,0
2021-05-02,48.07339449541285,1,0.0,0.0,0.0,1.0,12.9,2.0,0.0,5.4,1217,0
2021-05-03,24.541284403669724,0,0.0,0.0,0.0,1.0,12.5,5.1,10.2,13.6,1218,1
2021-05-04,51.86238532110092,0,0.0,0.0,0.0,1.0,10.1,2.6,1.3,18.5,1219,0
2021-05-05,51.825688073394495,0,0.0,0.0,0.0,1.0,10.6,0.3,2.7,8.7,1220,0
2021-05-06,60.302752293577974,0,0.0,0.0,0.0,1.0,12.0,-1.7,0.1,9.9,1221,0
2021-05-07,64.58715596330275,0,0.0,0.0,0.0,1.0,11.1,0.6,0.0,8.5,1222,0
2021-05-08,49.29357798165138,1,0.0,0.0,0.0,1.0,17.7,5.4,20.4,11.7,1223,0
2021-05-09,40.082568807339456,1,0.0,0.0,0.0,1.0,14.4,9.1,0.0,12.5,1224,0
2021-05-10,52.18348623853211,0,0.0,0.0,0.0,1.0,15.3,8.0,3.6,10.8,1225,0
2021-05-11,65.09174311926606,0,0.0,0.0,0.0,1.0,14.1,2.6,0.0,9.9,1226,0
2021-05-12,55.71559633027523,0,0.0,0.0,0.0,1.0,12.3,0.3,1.4,4.8,1227,0
2021-05-13,64.4862385321101,0,0.0,0.0,0.0,1.0,14.2,1.9,0.0,4.6,1228,0
2021-05-14,65.68807339449542,0,0.0,0.0,0.0,1.0,14.2,2.6,0.0,6.5,1229,0
2021-05-15,37.54128440366973,1,0.0,0.0,0.0,1.0,11.9,6.3,3.8,7.1,1230,0
2021-05-16,44.954128440366965,1,0.0,0.0,0.0,1.0,14.2,2.9,0.1,5.7,1231,0
2021-05-17,58.74311926605505,0,0.0,0.0,0.0,1.0,14.8,4.5,0.7,8.2,1232,0
2021-05-18,58.110091743119256,0,0.0,0.0,0.0,1.0,14.0,6.0,2.7,5.9,1233,0
2021-05-19,68.31192660550458,0,0.0,0.0,0.0,1.0,16.5,4.7,0.1,7.0,1234,0
2021-05-20,44.56880733944954,0,0.0,0.0,0.0,1.0,13.7,7.8,10.0,13.1,1235,0
2021-05-21,46.85321100917431,0,0.0,0.0,0.0,1.0,11.2,7.6,6.2,14.8,1236,0
2021-05-22,55.25688073394495,1,0.0,0.0,0.0,1.0,12.6,3.1,0.2,9.6,1237,0
2021-05-23,34.12844036697248,1,0.0,0.0,0.0,1.0,12.9,4.0,4.0,8.0,1238,0
2021-05-24,61.045871559633035,0,0.0,0.0,0.0,1.0,14.5,1.3,0.3,11.1,1239,0
2021-05-25,60.77064220183486,0,0.0,0.0,0.0,1.0,14.5,5.2,5.1,9.0,1240,0
2021-05-26,70.58715596330275,0,0.0,0.0,0.0,1.0,16.1,4.7,0.0,6.1,1241,0
2021-05-27,61.41284403669725,0,0.0,0.0,0.0,1.0,15.9,7.6,3.2,7.1,1242,0
2021-05-28,56.11926605504587,0,0.0,0.0,0.0,1.0,13.0,10.4,7.4,6.8,1243,0
2021-05-29,63.22935779816514,1,0.0,0.0,0.0,1.0,17.1,8.3,0.0,4.8,1244,0
2021-05-30,54.37614678899082,1,0.0,0.0,0.0,1.0,20.4,5.6,0.0,5.7,1245,0
2021-05-31,69.80733944954129,0,0.0,0.0,0.0,1.0,19.7,5.7,0.0,7.4,1246,0
2021-06-01,72.86238532110092,0,0.0,1.0,0.0,0.0,19.6,9.8,0.0,6.5,1247,0
2021-06-02,68.9816513761468,0,0.0,1.0,0.0,0.0,17.9,9.7,0.0,6.4,1248,0
2021-06-03,75.37614678899081,0,0.0,1.0,0.0,0.0,19.1,9.5,0.0,9.0,1249,0
2021-06-04,73.11009174311927,0,0.0,1.0,0.0,0.0,18.9,9.1,0.0,7.5,1250,0
2021-06-05,53.96330275229358,1,0.0,1.0,0.0,0.0,18.1,7.9,0.0,7.0,1251,0
2021-06-06,48.79816513761468,1,0.0,1.0,0.0,0.0,17.2,7.1,0.0,5.2,1252,0
2021-06-07,56.100917431192656,0,0.0,1.0,0.0,0.0,19.0,7.9,0.0,5.3,1253,1
2021-06-08,70.40366972477064,0,0.0,1.0,0.0,0.0,19.2,11.6,0.0,8.5,1254,0
2021-06-09,71.11926605504587,0,0.0,1.0,0.0,0.0,21.3,13.6,0.0,8.0,1255,0
2021-06-10,77.36697247706422,0,0.0,1.0,0.0,0.0,21.6,13.9,0.0,10.3,1256,0
2021-06-11,81.77981651376147,0,0.0,1.0,0.0,0.0,18.4,11.0,0.0,11.2,1257,0
2021-06-12,66.03669724770643,1,0.0,1.0,0.0,0.0,20.0,10.1,0.0,6.5,1258,0
2021-06-13,55.642201834862384,1,0.0,1.0,0.0,0.0,23.7,12.5,0.0,5.0,1259,0
2021-06-14,64.4862385321101,0,0.0,1.0,0.0,0.0,17.8,9.2,0.2,10.5,1260,0
2021-06-15,77.30275229357798,0,0.0,1.0,0.0,0.0,22.8,5.7,0.0,7.3,1261,0
2021-06-16,76.34862385321101,0,0.0,1.0,0.0,0.0,18.1,9.6,0.6,7.2,1262,0
2021-06-17,79.45871559633028,0,0.0,1.0,0.0,0.0,18.2,7.9,0.0,8.2,1263,0
2021-06-18,78.1743119266055,0,0.0,1.0,0.0,0.0,16.0,4.0,0.0,6.5,1264,0
2021-06-19,65.54128440366972,1,0.0,1.0,0.0,0.0,16.8,2.9,0.0,6.2,1265,0
2021-06-20,52.302752293577974,1,0.0,1.0,0.0,0.0,16.4,9.3,0.0,8.4,1266,0
2021-06-21,75.12844036697248,0,0.0,1.0,0.0,0.0,18.0,6.3,0.0,11.5,1267,0
2021-06-22,75.88073394495413,0,0.0,1.0,0.0,0.0,18.0,5.4,0.2,7.6,1268,0
2021-06-23,65.36697247706422,0,0.0,1.0,0.0,0.0,18.6,9.6,8.1,6.1,1269,0
2021-06-24,68.61467889908256,0,0.0,1.0,0.0,0.0,18.6,11.1,2.6,10.8,1270,0
2021-06-25,73.73394495412846,0,0.0,1.0,0.0,0.0,13.8,9.1,0.9,11.0,1271,0
2021-06-26,62.990825688073386,1,0.0,1.0,0.0,0.0,14.7,8.8,0.0,10.2,1272,0
2021-06-27,53.43119266055046,1,0.0,1.0,0.0,0.0,18.2,6.6,0.0,8.5,1273,0
2021-06-28,74.46788990825688,0,0.0,1.0,0.0,0.0,19.8,6.5,0.0,5.0,1274,0
2021-06-29,75.63302752293578,0,0.0,1.0,0.0,0.0,22.7,7.0,0.0,5.7,1275,0
2021-06-30,75.44954128440367,0,0.0,1.0,0.0,0.0,19.4,7.6,0.0,6.2,1276,0
2021-07-01,79.03669724770644,0,0.0,1.0,0.0,0.0,19.6,6.1,0.0,4.7,1277,0
2021-07-01,79.03669724770644,0,0.0,1.0,0.0,0.0,19.6,6.1,0.0,4.7,1277,0
2021-07-02,77.24770642201835,0,0.0,1.0,0.0,0.0,19.5,10.6,0.0,6.1,1278,0
2021-07-03,57.09174311926606,1,0.0,1.0,0.0,0.0,18.8,12.4,0.7,6.4,1279,0
2021-07-04,42.1651376146789,1,0.0,1.0,0.0,0.0,19.9,12.5,9.9,6.2,1280,0
2021-07-05,74.95412844036696,0,0.0,1.0,0.0,0.0,19.0,10.5,0.5,7.5,1281,0
2021-07-06,56.1376146788991,0,0.0,1.0,0.0,0.0,16.6,8.8,14.5,6.2,1282,0
2021-07-07,74.90825688073394,0,0.0,1.0,0.0,0.0,20.3,11.9,0.0,6.6,1283,0
2021-07-08,79.77981651376147,0,0.0,1.0,0.0,0.0,19.6,12.1,0.0,5.5,1284,0
2021-07-09,0.4220183486238532,0,0.0,1.0,0.0,0.0,17.4,13.9,0.1,4.8,1285,0
2021-07-10,64.37614678899082,1,0.0,1.0,0.0,0.0,19.4,9.9,0.0,6.1,1286,0
2021-07-11,31.71559633027523,1,0.0,1.0,0.0,0.0,16.4,13.1,5.7,7.9,1287,0
2021-07-12,70.66055045871559,0,0.0,1.0,0.0,0.0,20.1,13.4,3.7,4.9,1288,0
2021-07-13,73.46788990825688,0,0.0,1.0,0.0,0.0,19.1,10.7,0.1,7.2,1289,0
2021-07-14,78.80733944954129,0,0.0,1.0,0.0,0.0,22.3,10.3,0.0,8.8,1290,0
2021-07-15,83.43119266055047,0,0.0,1.0,0.0,0.0,24.1,13.1,0.0,7.3,1291,0
2021-07-16,78.6697247706422,0,0.0,1.0,0.0,0.0,24.7,12.2,0.0,4.5,1292,0
2021-07-17,64.10091743119266,1,0.0,1.0,0.0,0.0,26.8,12.6,0.0,3.9,1293,0
2021-07-18,54.15596330275228,1,0.0,1.0,0.0,0.0,23.9,12.9,0.0,6.2,1294,0
2021-07-19,4.357798165137615,0,0.0,1.0,0.0,0.0,23.4,13.7,0.0,6.5,1295,0
2021-07-20,76.46788990825688,0,0.0,1.0,0.0,0.0,23.6,12.4,0.0,5.6,1296,0
2021-07-21,81.94495412844037,0,0.0,1.0,0.0,0.0,26.0,10.5,0.0,4.8,1297,0
2021-07-22,82.93577981651377,0,0.0,1.0,0.0,0.0,26.1,10.3,0.0,5.5,1298,0
2021-07-23,81.1467889908257,0,0.0,1.0,0.0,0.0,23.6,13.2,0.0,8.1,1299,0
2021-07-24,66.64220183486239,1,0.0,1.0,0.0,0.0,19.5,9.3,0.0,9.8,1300,0
2021-07-25,58.3394495412844,1,0.0,1.0,0.0,0.0,24.5,8.5,0.0,4.0,1301,0
2021-07-26,72.9816513761468,0,0.0,1.0,0.0,0.0,19.8,10.1,0.0,7.1,1302,0
2021-07-27,67.91743119266054,0,0.0,1.0,0.0,0.0,20.0,13.2,5.0,7.0,1303,0
2021-07-28,64.90825688073394,0,0.0,1.0,0.0,0.0,16.7,10.7,5.1,11.0,1304,0
2021-07-29,79.0,0,0.0,1.0,0.0,0.0,17.7,10.2,0.0,9.6,1305,0
2021-07-30,53.71559633027523,0,0.0,1.0,0.0,0.0,18.2,12.6,26.9,8.0,1306,0
2021-07-31,56.697247706422026,1,0.0,1.0,0.0,0.0,18.4,12.5,0.7,6.7,1307,0
2021-08-01,55.37614678899082,1,0.0,1.0,0.0,0.0,18.5,10.7,0.0,6.1,1308,0
2021-08-02,51.38532110091742,0,0.0,1.0,0.0,0.0,16.5,7.4,0.0,5.8,1309,1
2021-08-03,71.80733944954129,0,0.0,1.0,0.0,0.0,17.8,10.0,0.8,3.5,1310,0
2021-08-04,75.5229357798165,0,0.0,1.0,0.0,0.0,21.8,8.8,0.3,6.0,1311,0
2021-08-05,61.596330275229356,0,0.0,1.0,0.0,0.0,18.9,13.3,25.8,7.8,1312,0
2021-08-06,68.3302752293578,0,0.0,1.0,0.0,0.0,17.9,13.6,1.6,11.3,1313,0
2021-08-07,47.41284403669725,1,0.0,1.0,0.0,0.0,16.9,13.7,9.1,12.5,1314,0
2021-08-08,51.467889908256886,1,0.0,1.0,0.0,0.0,19.1,11.9,0.4,12.8,1315,0
2021-08-09,67.1743119266055,0,0.0,1.0,0.0,0.0,18.6,11.0,3.8,8.3,1316,0
2021-08-10,74.95412844036696,0,0.0,1.0,0.0,0.0,19.1,12.3,0.0,5.9,1317,0
2021-08-11,71.80733944954129,0,0.0,1.0,0.0,0.0,19.5,8.7,1.5,7.7,1318,0
2021-08-12,76.03669724770644,0,0.0,1.0,0.0,0.0,19.4,9.9,3.4,9.3,1319,0
2021-08-13,77.35779816513761,0,0.0,1.0,0.0,0.0,19.4,12.0,0.0,10.0,1320,0
2021-08-14,47.68807339449541,1,0.0,1.0,0.0,0.0,15.2,12.3,2.2,5.6,1321,0
2021-08-15,50.93577981651376,1,0.0,1.0,0.0,0.0,18.1,11.5,0.1,7.0,1322,0
2021-08-16,67.11926605504587,0,0.0,1.0,0.0,0.0,16.4,12.0,0.1,13.2,1323,0
2021-08-17,66.39090909090909,0,0.0,1.0,0.0,0.0,18.3,12.2,0.1,14.8,1324,0
2021-08-18,74.83636363636364,0,0.0,1.0,0.0,0.0,17.2,11.7,0.0,9.0,1325,0
2021-08-19,72.77272727272727,0,0.0,1.0,0.0,0.0,19.2,10.2,0.4,4.5,1326,0
2021-08-20,74.6,0,0.0,1.0,0.0,0.0,20.5,12.9,3.9,6.1,1327,0
2021-08-21,53.027272727272724,1,0.0,1.0,0.0,0.0,18.6,12.8,10.1,5.7,1328,0
2021-08-22,51.37272727272728,1,0.0,1.0,0.0,0.0,19.2,12.2,0.2,5.5,1329,0
2021-08-23,75.94545454545455,0,0.0,1.0,0.0,0.0,20.4,9.3,0.0,4.4,1330,0
2021-08-24,81.25454545454545,0,0.0,1.0,0.0,0.0,20.2,9.9,0.3,5.2,1331,0
2021-08-25,78.7,0,0.0,1.0,0.0,0.0,21.7,8.6,0.0,4.5,1332,0
2021-08-26,77.33636363636364,0,0.0,1.0,0.0,0.0,20.8,9.7,0.0,5.5,1333,0
2021-08-27,80.7181818181818,0,0.0,1.0,0.0,0.0,18.6,7.1,0.0,5.8,1334,0
2021-08-28,69.08181818181818,1,0.0,1.0,0.0,0.0,20.2,7.8,0.0,3.9,1335,0
2021-08-29,53.68181818181818,1,0.0,1.0,0.0,0.0,17.6,7.6,0.0,6.2,1336,0
2021-08-30,73.49090909090908,0,0.0,1.0,0.0,0.0,15.0,10.6,0.1,8.9,1337,0
2021-08-31,76.24545454545455,0,0.0,1.0,0.0,0.0,14.5,12.4,1.1,10.0,1338,0
2021-09-01,79.7090909090909,0,1.0,0.0,0.0,0.0,17.3,8.6,0.0,8.6,1339,0
2021-09-02,82.6,0,1.0,0.0,0.0,0.0,15.6,7.4,0.0,8.2,1340,0
2021-09-03,82.47272727272727,0,1.0,0.0,0.0,0.0,16.0,8.7,0.0,7.7,1341,0
2021-09-04,69.2,1,1.0,0.0,0.0,0.0,18.8,11.6,0.0,6.0,1342,0
2021-09-05,58.9,1,1.0,0.0,0.0,0.0,21.7,13.3,0.0,6.5,1343,0
2021-09-06,79.69090909090909,0,1.0,0.0,0.0,0.0,22.9,11.9,0.0,4.2,1344,0
2021-09-07,87.31818181818181,0,1.0,0.0,0.0,0.0,21.1,11.4,0.1,6.0,1345,0
2021-09-08,87.57272727272728,0,1.0,0.0,0.0,0.0,22.5,11.8,0.1,5.2,1346,0
2021-09-09,86.04545454545455,0,1.0,0.0,0.0,0.0,20.7,15.0,8.6,4.0,1347,0
2021-09-10,90.44545454545455,0,1.0,0.0,0.0,0.0,20.2,14.7,0.1,6.7,1348,0
2021-09-11,70.19090909090909,1,1.0,0.0,0.0,0.0,19.4,11.6,0.0,9.0,1349,0
2021-09-12,57.37272727272728,1,1.0,0.0,0.0,0.0,14.2,7.2,0.5,5.5,1350,0
2021-09-13,82.34545454545454,0,1.0,0.0,0.0,0.0,17.1,6.5,1.2,5.8,1351,0
2021-09-14,86.35454545454546,0,1.0,0.0,0.0,0.0,19.5,12.3,0.0,5.1,1352,0
2021-09-15,89.18181818181819,0,1.0,0.0,0.0,0.0,18.5,12.1,0.0,4.8,1353,0
2021-09-16,93.4,0,1.0,0.0,0.0,0.0,20.0,10.0,0.0,5.8,1354,0
2021-09-17,84.8,0,1.0,0.0,0.0,0.0,18.2,12.7,6.3,7.1,1355,0
2021-09-18,73.76363636363638,1,1.0,0.0,0.0,0.0,17.7,9.9,0.0,5.0,1356,0
2021-09-19,63.472727272727276,1,1.0,0.0,0.0,0.0,18.2,10.3,0.1,7.0,1357,0
2021-09-20,88.76363636363638,0,1.0,0.0,0.0,0.0,18.1,9.4,0.0,6.9,1358,0
2021-09-21,90.3,0,1.0,0.0,0.0,0.0,17.3,11.7,0.0,6.9,1359,0
2021-09-22,96.19090909090907,0,1.0,0.0,0.0,0.0,20.2,13.4,0.0,9.3,1360,0
2021-09-23,96.45454545454544,0,1.0,0.0,0.0,0.0,19.0,12.1,0.1,9.8,1361,0
2021-09-24,95.26363636363637,0,1.0,0.0,0.0,0.0,20.3,13.6,0.1,9.7,1362,0
2021-09-25,80.74545454545455,1,1.0,0.0,0.0,0.0,22.5,15.2,0.0,5.8,1363,0
2021-09-26,54.34545454545454,1,1.0,0.0,0.0,0.0,20.4,11.1,8.4,8.5,1364,0
2021-09-27,83.5909090909091,0,1.0,0.0,0.0,0.0,15.6,8.7,10.4,7.5,1365,0
2021-09-28,90.53636363636365,0,1.0,0.0,0.0,0.0,14.7,6.3,0.1,8.0,1366,0
2021-09-29,94.33636363636364,0,1.0,0.0,0.0,0.0,14.3,5.0,1.2,10.6,1367,0
2021-09-30,24.354545454545452,0,1.0,0.0,0.0,0.0,15.9,10.4,4.7,10.2,1368,0
2021-10-01,89.62727272727274,0,1.0,0.0,0.0,0.0,13.7,7.9,2.0,11.0,1369,0
2021-10-01,89.62727272727274,0,1.0,0.0,0.0,0.0,13.7,7.9,2.0,11.0,1369,0
2021-10-02,70.2909090909091,1,1.0,0.0,0.0,0.0,13.8,7.5,0.5,8.6,1370,0
2021-10-03,52.70909090909091,1,1.0,0.0,0.0,0.0,15.0,7.3,2.4,11.4,1371,0
2021-10-04,81.0,0,1.0,0.0,0.0,0.0,14.0,7.8,3.8,7.2,1372,0
2021-10-05,89.81818181818181,0,1.0,0.0,0.0,0.0,14.5,7.1,0.8,14.3,1373,0
2021-10-06,92.19090909090907,0,1.0,0.0,0.0,0.0,17.2,7.1,1.0,7.0,1374,0
2021-10-07,97.1,0,1.0,0.0,0.0,0.0,20.2,15.8,0.6,9.4,1375,0
2021-10-08,98.36363636363636,0,1.0,0.0,0.0,0.0,19.4,14.7,6.3,6.8,1376,0
2021-10-09,73.4090909090909,1,1.0,0.0,0.0,0.0,17.7,7.4,1.9,6.0,1377,0
2021-10-10,57.91818181818182,1,1.0,0.0,0.0,0.0,15.1,6.1,0.2,8.1,1378,0
2021-10-11,89.63636363636364,0,1.0,0.0,0.0,0.0,14.5,5.2,0.0,6.1,1379,0
2021-10-12,95.19090909090907,0,1.0,0.0,0.0,0.0,14.7,8.6,0.0,8.6,1380,0
2021-10-13,94.61818181818182,0,1.0,0.0,0.0,0.0,12.3,10.9,0.0,5.3,1381,0
2021-10-14,96.14545454545454,0,1.0,0.0,0.0,0.0,14.4,10.7,0.0,7.8,1382,0
2021-10-15,95.01818181818182,0,1.0,0.0,0.0,0.0,13.1,5.5,0.4,4.9,1383,0
2021-10-16,70.28181818181818,1,1.0,0.0,0.0,0.0,15.1,6.2,4.6,5.4,1384,0
2021-10-17,64.91818181818182,1,1.0,0.0,0.0,0.0,16.8,13.2,0.0,6.9,1385,0
2021-10-18,91.27272727272728,0,1.0,0.0,0.0,0.0,19.0,13.8,0.8,7.7,1386,0
2021-10-19,93.1818181818182,0,1.0,0.0,0.0,0.0,18.7,10.8,7.7,7.7,1387,0
2021-10-20,65.72727272727273,0,1.0,0.0,0.0,0.0,12.3,7.3,5.3,7.9,1388,0
2021-10-21,96.05454545454545,0,1.0,0.0,0.0,0.0,11.0,3.6,0.0,11.8,1389,0
2021-10-22,92.1818181818182,0,1.0,0.0,0.0,0.0,12.5,6.7,0.2,9.4,1390,0
2021-10-23,66.42727272727272,1,1.0,0.0,0.0,0.0,13.5,9.4,0.1,11.8,1391,0
2021-10-24,60.79090909090909,1,1.0,0.0,0.0,0.0,16.1,9.7,0.3,10.3,1392,0
2021-10-25,56.50909090909091,0,1.0,0.0,0.0,0.0,13.4,8.2,0.0,7.7,1393,1
2021-10-26,85.48181818181818,0,1.0,0.0,0.0,0.0,17.0,9.7,0.7,13.5,1394,0
2021-10-27,72.7909090909091,0,1.0,0.0,0.0,0.0,16.8,14.4,9.8,12.0,1395,0
2021-10-28,74.72727272727273,0,1.0,0.0,0.0,0.0,15.2,10.1,10.7,4.5,1396,0
2021-10-29,82.96363636363638,0,1.0,0.0,0.0,0.0,12.9,8.5,7.4,6.3,1397,0
2021-10-30,68.67272727272727,1,1.0,0.0,0.0,0.0,11.6,5.7,0.1,6.7,1398,0
2021-10-31,44.14545454545455,1,1.0,0.0,0.0,0.0,11.9,7.3,12.2,9.9,1399,0
2021-11-01,77.07272727272728,0,1.0,0.0,0.0,0.0,10.2,4.7,1.2,12.9,1400,0
2021-11-02,88.26363636363638,0,1.0,0.0,0.0,0.0,10.1,3.7,0.0,9.0,1401,0
2021-11-03,89.7090909090909,0,1.0,0.0,0.0,0.0,10.0,3.4,0.0,11.7,1402,0
2021-11-04,89.5909090909091,0,1.0,0.0,0.0,0.0,9.6,3.2,0.0,10.5,1403,0
2021-11-05,92.11818181818182,0,1.0,0.0,0.0,0.0,11.0,6.6,0.0,7.5,1404,0
2021-11-06,64.48181818181818,1,1.0,0.0,0.0,0.0,13.9,7.7,0.1,12.6,1405,0
2021-11-07,55.527272727272724,1,1.0,0.0,0.0,0.0,11.0,4.4,0.0,10.5,1406,0
2021-11-08,75.50909090909092,0,1.0,0.0,0.0,0.0,16.4,6.1,2.3,7.3,1407,0
2021-11-09,31.45454545454545,0,1.0,0.0,0.0,0.0,14.0,9.6,0.1,8.6,1408,0
2021-11-11,95.33636363636364,0,1.0,0.0,0.0,0.0,14.3,3.7,1.1,9.1,1410,0
2021-11-12,89.95454545454545,0,1.0,0.0,0.0,0.0,13.2,10.0,0.7,15.0,1411,0
2021-11-13,69.47272727272727,1,1.0,0.0,0.0,0.0,12.3,9.6,0.0,6.1,1412,0
2021-11-14,56.98181818181818,1,1.0,0.0,0.0,0.0,14.5,6.2,0.0,2.6,1413,0
2021-11-15,87.47272727272725,0,1.0,0.0,0.0,0.0,12.4,5.9,0.7,5.5,1414,0
2021-11-16,86.8018018018018,0,1.0,0.0,0.0,0.0,10.9,7.4,0.0,8.0,1415,0
2021-11-17,92.07207207207209,0,1.0,0.0,0.0,0.0,10.9,6.8,0.0,9.1,1416,0
2021-11-18,88.8918918918919,0,1.0,0.0,0.0,0.0,13.3,10.4,0.0,9.5,1417,0
2021-11-19,22.261261261261264,0,1.0,0.0,0.0,0.0,12.3,8.9,0.0,6.5,1418,0
2021-11-21,56.17117117117117,1,1.0,0.0,0.0,0.0,7.6,0.8,0.0,11.0,1420,0
2021-11-22,79.65765765765765,0,1.0,0.0,0.0,0.0,8.0,-1.2,0.0,6.1,1421,0
2021-11-23,81.54054054054055,0,1.0,0.0,0.0,0.0,7.0,-0.1,0.0,5.9,1422,0
2021-11-24,76.05405405405405,0,1.0,0.0,0.0,0.0,7.3,1.0,0.3,8.1,1423,0
2021-11-25,81.2072072072072,0,1.0,0.0,0.0,0.0,6.1,0.7,0.0,10.7,1424,0
2021-11-26,77.009009009009,0,1.0,0.0,0.0,0.0,8.0,1.6,0.3,19.2,1425,0
2021-11-27,56.65765765765765,1,1.0,0.0,0.0,0.0,4.8,0.2,0.0,16.6,1426,0
2021-11-28,50.71171171171172,1,1.0,0.0,0.0,0.0,4.8,0.3,0.0,8.6,1427,0
2021-11-29,1.045045045045045,0,1.0,0.0,0.0,0.0,9.1,1.4,0.0,8.8,1428,0
2021-12-01,81.09909909909909,0,0.0,0.0,1.0,0.0,8.0,1.1,0.5,16.4,1430,0
2021-12-02,75.2882882882883,0,0.0,0.0,1.0,0.0,8.0,0.9,8.2,8.5,1431,0
2021-12-03,77.57657657657657,0,0.0,0.0,1.0,0.0,9.0,5.8,1.3,8.0,1432,0
2021-12-04,56.6036036036036,1,0.0,0.0,1.0,0.0,6.0,1.6,0.1,16.6,1433,0
2021-12-05,51.036036036036045,1,0.0,0.0,1.0,0.0,6.4,-0.3,0.0,8.7,1434,0
2021-12-06,70.64864864864866,0,0.0,0.0,1.0,0.0,7.3,1.9,2.4,10.5,1435,0
2021-12-07,39.37837837837838,0,0.0,0.0,1.0,0.0,8.6,1.8,10.8,16.8,1436,0
2021-12-08,57.630630630630634,0,0.0,0.0,1.0,0.0,5.7,1.9,8.5,24.4,1437,0
2021-12-09,70.27027027027027,0,0.0,0.0,1.0,0.0,9.3,2.5,0.2,10.6,1438,0
2021-12-10,73.5945945945946,0,0.0,0.0,1.0,0.0,5.9,1.1,0.0,11.8,1439,0
2021-12-11,53.5045045045045,1,0.0,0.0,1.0,0.0,12.7,5.1,1.8,6.5,1440,0
2021-12-12,48.67567567567568,1,0.0,0.0,1.0,0.0,13.6,7.6,0.5,10.8,1441,0
2021-12-13,69.45945945945945,0,0.0,0.0,1.0,0.0,7.9,0.4,0.0,4.0,1442,0
2021-12-14,76.98198198198199,0,0.0,0.0,1.0,0.0,9.0,-1.4,0.0,7.5,1443,0
2021-12-15,78.16216216216216,0,0.0,0.0,1.0,0.0,11.2,7.3,0.0,8.5,1444,0
2021-12-16,78.9099099099099,0,0.0,0.0,1.0,0.0,11.6,5.4,0.0,3.8,1445,0
2021-12-17,75.16216216216216,0,0.0,0.0,1.0,0.0,9.3,5.7,0.0,7.0,1446,0
2021-12-18,57.02702702702703,1,0.0,0.0,1.0,0.0,8.5,3.7,0.0,5.3,1447,0
2021-12-19,47.02702702702703,1,0.0,0.0,1.0,0.0,7.5,3.3,0.0,6.0,1448,0
2021-12-20,66.21621621621621,0,0.0,0.0,1.0,0.0,7.2,5.7,0.0,7.1,1449,0
2021-12-21,57.82882882882882,0,0.0,0.0,1.0,0.0,6.6,4.8,0.0,9.3,1450,0
2021-12-22,56.792792792792795,0,0.0,0.0,1.0,0.0,10.3,5.2,6.6,12.8,1451,0
2021-12-23,58.234234234234236,0,0.0,0.0,1.0,0.0,13.0,4.3,0.0,7.4,1452,0
2021-12-24,38.1081081081081,0,0.0,0.0,1.0,0.0,9.9,1.7,2.2,7.2,1453,0
2021-12-25,4.855855855855856,1,0.0,0.0,1.0,0.0,8.9,6.3,20.1,14.2,1454,1
2021-12-26,21.00900900900901,1,0.0,0.0,1.0,0.0,9.9,1.5,0.9,4.6,1455,1
2021-12-27,31.126126126126128,0,0.0,0.0,1.0,0.0,9.1,0.1,0.1,6.5,1456,0
2021-12-28,33.45945945945946,0,0.0,0.0,1.0,0.0,8.0,3.5,10.2,6.9,1457,0
2021-12-29,39.2972972972973,0,0.0,0.0,1.0,0.0,13.8,5.5,2.9,11.5,1458,0
2021-12-30,28.16216216216216,0,0.0,0.0,1.0,0.0,13.5,11.3,8.2,7.6,1459,0
2021-12-31,44.5045045045045,0,0.0,0.0,1.0,0.0,14.1,10.9,0.3,11.2,1460,0
2022-01-01,26.16216216216216,1,0.0,0.0,1.0,0.0,14.8,9.7,0.0,14.8,1461,1
